﻿<?xml version="1.0" encoding="utf-8"?>
<abapGit version="v1.0.0" serializer="LCL_OBJECT_MSAG" serializer_version="v1.0.0">
 <asx:abap xmlns:asx="http://www.sap.com/abapxml" version="1.0">
  <asx:values>
   <T100A>
    <ARBGB>Z4XX01</ARBGB>
    <MASTERLANG>E</MASTERLANG>
    <STEXT>Qunie Mover Solution  Message Class</STEXT>
   </T100A>
   <T100>
    <T100>
     <SPRSL>E</SPRSL>
     <ARBGB>Z4XX01</ARBGB>
     <MSGNR>000</MSGNR>
     <TEXT>&amp; &amp; &amp; &amp;</TEXT>
    </T100>
    <T100>
     <SPRSL>E</SPRSL>
     <ARBGB>Z4XX01</ARBGB>
     <MSGNR>001</MSGNR>
     <TEXT>No Data Entry error</TEXT>
    </T100>
    <T100>
     <SPRSL>E</SPRSL>
     <ARBGB>Z4XX01</ARBGB>
     <MSGNR>002</MSGNR>
     <TEXT>At least you need select one of business process</TEXT>
    </T100>
    <T100>
     <SPRSL>E</SPRSL>
     <ARBGB>Z4XX01</ARBGB>
     <MSGNR>003</MSGNR>
     <TEXT>Output file Successfully created &amp;1</TEXT>
    </T100>
    <T100>
     <SPRSL>E</SPRSL>
     <ARBGB>Z4XX01</ARBGB>
     <MSGNR>004</MSGNR>
     <TEXT>download file error &amp;1</TEXT>
    </T100>
    <T100>
     <SPRSL>E</SPRSL>
     <ARBGB>Z4XX01</ARBGB>
     <MSGNR>005</MSGNR>
     <TEXT>Upload file format error &amp;1, pelase save file and reload again.</TEXT>
    </T100>
    <T100>
     <SPRSL>E</SPRSL>
     <ARBGB>Z4XX01</ARBGB>
     <MSGNR>006</MSGNR>
     <TEXT>Table Lock error &amp;1 &amp;2</TEXT>
    </T100>
    <T100>
     <SPRSL>E</SPRSL>
     <ARBGB>Z4XX01</ARBGB>
     <MSGNR>007</MSGNR>
     <TEXT>Only custom table can be maitained .</TEXT>
    </T100>
    <T100>
     <SPRSL>E</SPRSL>
     <ARBGB>Z4XX01</ARBGB>
     <MSGNR>008</MSGNR>
     <TEXT>Entry not exist, please check again .</TEXT>
    </T100>
    <T100>
     <SPRSL>E</SPRSL>
     <ARBGB>Z4XX01</ARBGB>
     <MSGNR>009</MSGNR>
     <TEXT>DB Consistency check Imcomplete, Please fix error recode before post .</TEXT>
    </T100>
    <T100>
     <SPRSL>E</SPRSL>
     <ARBGB>Z4XX01</ARBGB>
     <MSGNR>010</MSGNR>
     <TEXT>Please perfrom DB Consistensy Check first</TEXT>
    </T100>
    <T100>
     <SPRSL>E</SPRSL>
     <ARBGB>Z4XX01</ARBGB>
     <MSGNR>011</MSGNR>
     <TEXT>Upload file conversion error, pelase check overflow data in your file.</TEXT>
    </T100>
    <T100>
     <SPRSL>E</SPRSL>
     <ARBGB>Z4XX01</ARBGB>
     <MSGNR>012</MSGNR>
     <TEXT>Lock object not maintained yet, Pay attention for upadte process</TEXT>
    </T100>
    <T100>
     <SPRSL>E</SPRSL>
     <ARBGB>Z4XX01</ARBGB>
     <MSGNR>013</MSGNR>
     <TEXT>Only allow EQ and BT Option for analysis monthes</TEXT>
    </T100>
    <T100>
     <SPRSL>E</SPRSL>
     <ARBGB>Z4XX01</ARBGB>
     <MSGNR>014</MSGNR>
     <TEXT>Open file error !</TEXT>
    </T100>
    <T100>
     <SPRSL>E</SPRSL>
     <ARBGB>Z4XX01</ARBGB>
     <MSGNR>015</MSGNR>
     <TEXT>Can&apos;t dragdrop file beteen two server folder .</TEXT>
    </T100>
    <T100>
     <SPRSL>E</SPRSL>
     <ARBGB>Z4XX01</ARBGB>
     <MSGNR>016</MSGNR>
     <TEXT>File upload error !</TEXT>
    </T100>
    <T100>
     <SPRSL>E</SPRSL>
     <ARBGB>Z4XX01</ARBGB>
     <MSGNR>017</MSGNR>
     <TEXT>File Transfered &amp; byte</TEXT>
    </T100>
    <T100>
     <SPRSL>E</SPRSL>
     <ARBGB>Z4XX01</ARBGB>
     <MSGNR>018</MSGNR>
     <TEXT>Can&apos;t dragdrop file beteen two pc folder .</TEXT>
    </T100>
    <T100>
     <SPRSL>E</SPRSL>
     <ARBGB>Z4XX01</ARBGB>
     <MSGNR>019</MSGNR>
     <TEXT>Select your file for processing</TEXT>
    </T100>
    <T100>
     <SPRSL>E</SPRSL>
     <ARBGB>Z4XX01</ARBGB>
     <MSGNR>020</MSGNR>
     <TEXT>Can&apos;t download local file</TEXT>
    </T100>
    <T100>
     <SPRSL>E</SPRSL>
     <ARBGB>Z4XX01</ARBGB>
     <MSGNR>021</MSGNR>
     <TEXT>File will be deleted, please check again</TEXT>
    </T100>
    <T100>
     <SPRSL>E</SPRSL>
     <ARBGB>Z4XX01</ARBGB>
     <MSGNR>022</MSGNR>
     <TEXT>File deletion canceled</TEXT>
    </T100>
    <T100>
     <SPRSL>E</SPRSL>
     <ARBGB>Z4XX01</ARBGB>
     <MSGNR>023</MSGNR>
     <TEXT>File deletion failed &amp;</TEXT>
    </T100>
    <T100>
     <SPRSL>E</SPRSL>
     <ARBGB>Z4XX01</ARBGB>
     <MSGNR>024</MSGNR>
     <TEXT>File overwrited</TEXT>
    </T100>
    <T100>
     <SPRSL>E</SPRSL>
     <ARBGB>Z4XX01</ARBGB>
     <MSGNR>025</MSGNR>
     <TEXT>Read server directory failed</TEXT>
    </T100>
    <T100>
     <SPRSL>E</SPRSL>
     <ARBGB>Z4XX01</ARBGB>
     <MSGNR>026</MSGNR>
     <TEXT>Read PC directory failed</TEXT>
    </T100>
    <T100>
     <SPRSL>E</SPRSL>
     <ARBGB>Z4XX01</ARBGB>
     <MSGNR>027</MSGNR>
     <TEXT>Would you start new analysis, Old analysis data will be expired!</TEXT>
    </T100>
    <T100>
     <SPRSL>E</SPRSL>
     <ARBGB>Z4XX01</ARBGB>
     <MSGNR>028</MSGNR>
     <TEXT>Table &amp; update sccessfully</TEXT>
    </T100>
    <T100>
     <SPRSL>E</SPRSL>
     <ARBGB>Z4XX01</ARBGB>
     <MSGNR>029</MSGNR>
     <TEXT>Table &amp; update failed .</TEXT>
    </T100>
    <T100>
     <SPRSL>E</SPRSL>
     <ARBGB>Z4XX01</ARBGB>
     <MSGNR>030</MSGNR>
     <TEXT>Transfer file error !</TEXT>
    </T100>
    <T100>
     <SPRSL>E</SPRSL>
     <ARBGB>Z4XX01</ARBGB>
     <MSGNR>031</MSGNR>
     <TEXT>Close file error !</TEXT>
    </T100>
    <T100>
     <SPRSL>E</SPRSL>
     <ARBGB>Z4XX01</ARBGB>
     <MSGNR>032</MSGNR>
     <TEXT>Process had complete already &amp;1 &amp;2 Please check</TEXT>
    </T100>
    <T100>
     <SPRSL>E</SPRSL>
     <ARBGB>Z4XX01</ARBGB>
     <MSGNR>033</MSGNR>
     <TEXT>Previous process not complete yet &amp;1 &amp;2 Please check</TEXT>
    </T100>
    <T100>
     <SPRSL>E</SPRSL>
     <ARBGB>Z4XX01</ARBGB>
     <MSGNR>034</MSGNR>
     <TEXT>Read file error!</TEXT>
    </T100>
    <T100>
     <SPRSL>E</SPRSL>
     <ARBGB>Z4XX01</ARBGB>
     <MSGNR>035</MSGNR>
     <TEXT>At least you need select one of object for analysis</TEXT>
    </T100>
    <T100>
     <SPRSL>E</SPRSL>
     <ARBGB>Z4XX01</ARBGB>
     <MSGNR>036</MSGNR>
     <TEXT>the data will be updated to Server file, Please confirm</TEXT>
    </T100>
    <T100>
     <SPRSL>E</SPRSL>
     <ARBGB>Z4XX01</ARBGB>
     <MSGNR>037</MSGNR>
     <TEXT>the data will be updated to Table &amp;, please confirm .</TEXT>
    </T100>
   </T100>
  </asx:values>
 </asx:abap>
</abapGit>
