﻿<?xml version="1.0" encoding="utf-8"?>
<abapGit version="v1.0.0" serializer="LCL_OBJECT_CLAS" serializer_version="v1.0.0">
 <asx:abap xmlns:asx="http://www.sap.com/abapxml" version="1.0">
  <asx:values>
   <VSEOCLASS>
    <CLSNAME>ZCL_4XX_UTILITY_FACTORY</CLSNAME>
    <LANGU>J</LANGU>
    <DESCRIPT>Qunie Move Utility factory</DESCRIPT>
    <STATE>1</STATE>
    <CLSCCINCL>X</CLSCCINCL>
    <FIXPT>X</FIXPT>
    <UNICODE>X</UNICODE>
   </VSEOCLASS>
   <TPOOL>
    <item>
     <ID>I</ID>
     <KEY>FK1</KEY>
     <ENTRY>Show Client Analysis Status</ENTRY>
     <LENGTH>46</LENGTH>
    </item>
    <item>
     <ID>I</ID>
     <KEY>SA0</KEY>
     <ENTRY>Analysis Prameters</ENTRY>
     <LENGTH>50</LENGTH>
    </item>
    <item>
     <ID>I</ID>
     <KEY>SA1</KEY>
     <ENTRY>Analysis Key</ENTRY>
     <LENGTH>28</LENGTH>
    </item>
    <item>
     <ID>I</ID>
     <KEY>SA2</KEY>
     <ENTRY>Client &amp; Project</ENTRY>
     <LENGTH>26</LENGTH>
    </item>
    <item>
     <ID>I</ID>
     <KEY>SA3</KEY>
     <ENTRY>Analysis Month</ENTRY>
     <LENGTH>24</LENGTH>
    </item>
    <item>
     <ID>I</ID>
     <KEY>SB0</KEY>
     <ENTRY>Business Process Selection</ENTRY>
     <LENGTH>52</LENGTH>
    </item>
    <item>
     <ID>I</ID>
     <KEY>SB1</KEY>
     <ENTRY>Order To Cash(01-XX-XX)</ENTRY>
     <LENGTH>46</LENGTH>
    </item>
    <item>
     <ID>I</ID>
     <KEY>SB2</KEY>
     <ENTRY>Procurement To Pay(02-XX-XX)</ENTRY>
     <LENGTH>56</LENGTH>
    </item>
    <item>
     <ID>I</ID>
     <KEY>SB3</KEY>
     <ENTRY>Demand To Supply(03-XX-XX)</ENTRY>
     <LENGTH>52</LENGTH>
    </item>
    <item>
     <ID>I</ID>
     <KEY>SB4</KEY>
     <ENTRY>Recode To Report(04-XX-XX)</ENTRY>
     <LENGTH>52</LENGTH>
    </item>
    <item>
     <ID>I</ID>
     <KEY>SB5</KEY>
     <ENTRY>Unknown Process(99-99-99)</ENTRY>
     <LENGTH>50</LENGTH>
    </item>
    <item>
     <ID>I</ID>
     <KEY>Y01</KEY>
     <ENTRY>Yes</ENTRY>
     <LENGTH>13</LENGTH>
    </item>
    <item>
     <ID>I</ID>
     <KEY>Y02</KEY>
     <ENTRY>No</ENTRY>
     <LENGTH>12</LENGTH>
    </item>
   </TPOOL>
   <I18N_TPOOL>
    <item>
     <LANGUAGE>J</LANGUAGE>
     <TEXTPOOL>
      <item>
       <ID>I</ID>
       <KEY>FK1</KEY>
       <ENTRY>Show Client Analysis Status</ENTRY>
       <LENGTH>46</LENGTH>
      </item>
      <item>
       <ID>I</ID>
       <KEY>SA0</KEY>
       <ENTRY>Analysis Prameters</ENTRY>
       <LENGTH>50</LENGTH>
      </item>
      <item>
       <ID>I</ID>
       <KEY>SA1</KEY>
       <ENTRY>Analysis Key</ENTRY>
       <LENGTH>28</LENGTH>
      </item>
      <item>
       <ID>I</ID>
       <KEY>SA2</KEY>
       <ENTRY>Client &amp; Project</ENTRY>
       <LENGTH>26</LENGTH>
      </item>
      <item>
       <ID>I</ID>
       <KEY>SA3</KEY>
       <ENTRY>Analysis Month</ENTRY>
       <LENGTH>24</LENGTH>
      </item>
      <item>
       <ID>I</ID>
       <KEY>SB0</KEY>
       <ENTRY>Business Process Selection</ENTRY>
       <LENGTH>52</LENGTH>
      </item>
      <item>
       <ID>I</ID>
       <KEY>SB1</KEY>
       <ENTRY>Order To Cash(01-XX-XX)</ENTRY>
       <LENGTH>46</LENGTH>
      </item>
      <item>
       <ID>I</ID>
       <KEY>SB2</KEY>
       <ENTRY>Procurement To Pay(02-XX-XX)</ENTRY>
       <LENGTH>56</LENGTH>
      </item>
      <item>
       <ID>I</ID>
       <KEY>SB3</KEY>
       <ENTRY>Demand To Supply(03-XX-XX)</ENTRY>
       <LENGTH>52</LENGTH>
      </item>
      <item>
       <ID>I</ID>
       <KEY>SB4</KEY>
       <ENTRY>Recode To Report(04-XX-XX)</ENTRY>
       <LENGTH>52</LENGTH>
      </item>
      <item>
       <ID>I</ID>
       <KEY>SB5</KEY>
       <ENTRY>Unknown Process(99-99-99)</ENTRY>
       <LENGTH>50</LENGTH>
      </item>
      <item>
       <ID>I</ID>
       <KEY>Y01</KEY>
       <ENTRY>Yes</ENTRY>
       <LENGTH>13</LENGTH>
      </item>
      <item>
       <ID>I</ID>
       <KEY>Y02</KEY>
       <ENTRY>No</ENTRY>
       <LENGTH>12</LENGTH>
      </item>
     </TEXTPOOL>
    </item>
   </I18N_TPOOL>
   <DESCRIPTIONS>
    <SEOCOMPOTX>
     <CMPNAME>CNS_XML_SHARED</CMPNAME>
     <LANGU>J</LANGU>
     <DESCRIPT>xml shared value</DESCRIPT>
    </SEOCOMPOTX>
    <SEOCOMPOTX>
     <CMPNAME>CNS_XML_SHEET</CMPNAME>
     <LANGU>J</LANGU>
     <DESCRIPT>xml sheet value</DESCRIPT>
    </SEOCOMPOTX>
    <SEOCOMPOTX>
     <CMPNAME>CONVERT_ITAB_TO_XLS</CMPNAME>
     <LANGU>J</LANGU>
     <DESCRIPT>Convert internal table value to XLS xstring format</DESCRIPT>
    </SEOCOMPOTX>
    <SEOCOMPOTX>
     <CMPNAME>CONVERT_XLS_DATE_FORMAT</CMPNAME>
     <LANGU>J</LANGU>
     <DESCRIPT>convert date type to abap</DESCRIPT>
    </SEOCOMPOTX>
    <SEOCOMPOTX>
     <CMPNAME>CONVERT_XLS_TIME_FORMAT</CMPNAME>
     <LANGU>J</LANGU>
     <DESCRIPT>convert time type to abap</DESCRIPT>
    </SEOCOMPOTX>
    <SEOCOMPOTX>
     <CMPNAME>CONVERT_XLS_TO_ITAB</CMPNAME>
     <LANGU>J</LANGU>
     <DESCRIPT>Convert Xls data to internal table</DESCRIPT>
    </SEOCOMPOTX>
    <SEOCOMPOTX>
     <CMPNAME>CREATE_DYNAMIC_RANGE</CMPNAME>
     <LANGU>J</LANGU>
     <DESCRIPT>Create dynamic range table</DESCRIPT>
    </SEOCOMPOTX>
    <SEOCOMPOTX>
     <CMPNAME>CREATE_DYNAMIC_TABLE</CMPNAME>
     <LANGU>J</LANGU>
     <DESCRIPT>Create dynamic internal table</DESCRIPT>
    </SEOCOMPOTX>
    <SEOCOMPOTX>
     <CMPNAME>CREATE_REPORT_VARIANT</CMPNAME>
     <LANGU>J</LANGU>
     <DESCRIPT>Create Report Variant</DESCRIPT>
    </SEOCOMPOTX>
    <SEOCOMPOTX>
     <CMPNAME>DOWNLOAD_TO_LOCAL_XLS</CMPNAME>
     <LANGU>J</LANGU>
     <DESCRIPT>Download to Local  xls file</DESCRIPT>
    </SEOCOMPOTX>
    <SEOCOMPOTX>
     <CMPNAME>DOWNLOAD_TO_SERVER_XLS</CMPNAME>
     <LANGU>J</LANGU>
     <DESCRIPT>Download to server  xls file</DESCRIPT>
    </SEOCOMPOTX>
    <SEOCOMPOTX>
     <CMPNAME>EXCEL_RANGE_TO_CELL</CMPNAME>
     <LANGU>J</LANGU>
     <DESCRIPT>Range number to Cell(row,col)</DESCRIPT>
    </SEOCOMPOTX>
    <SEOCOMPOTX>
     <CMPNAME>FULLFILL_DATA_TO_ITAB</CMPNAME>
     <LANGU>J</LANGU>
     <DESCRIPT>fullfill xls data to internal table</DESCRIPT>
    </SEOCOMPOTX>
    <SEOCOMPOTX>
     <CMPNAME>GET_TEXT</CMPNAME>
     <LANGU>J</LANGU>
     <DESCRIPT>Get text</DESCRIPT>
    </SEOCOMPOTX>
    <SEOCOMPOTX>
     <CMPNAME>LOAD_SHEET_DATA</CMPNAME>
     <LANGU>J</LANGU>
     <DESCRIPT>Load Xls sheet data</DESCRIPT>
    </SEOCOMPOTX>
    <SEOCOMPOTX>
     <CMPNAME>SHOW_JOB_PROGRESS</CMPNAME>
     <LANGU>J</LANGU>
     <DESCRIPT>Show Background job progre</DESCRIPT>
    </SEOCOMPOTX>
    <SEOCOMPOTX>
     <CMPNAME>TRANSFROM_XMLTAB_TO_WORKBOOK</CMPNAME>
     <LANGU>J</LANGU>
     <DESCRIPT>Transfrom xmltable to excel workbook</DESCRIPT>
    </SEOCOMPOTX>
    <SEOCOMPOTX>
     <CMPNAME>UPLOAD_LOCAL_XLS</CMPNAME>
     <LANGU>J</LANGU>
     <DESCRIPT>Upload local xls file to Sap</DESCRIPT>
    </SEOCOMPOTX>
    <SEOCOMPOTX>
     <CMPNAME>UPLOAD_SERVER_XLS</CMPNAME>
     <LANGU>J</LANGU>
     <DESCRIPT>upload server xls fiel to sap</DESCRIPT>
    </SEOCOMPOTX>
   </DESCRIPTIONS>
   <DESCRIPTIONS_SUB>
    <SEOSUBCOTX>
     <CMPNAME>CONVERT_ITAB_TO_XLS</CMPNAME>
     <SCONAME>E_SIZE</SCONAME>
     <LANGU>J</LANGU>
     <DESCRIPT>Whole Number with +/- Sign (-2.147.483.648 .. 2.147.483.647)</DESCRIPT>
    </SEOSUBCOTX>
    <SEOSUBCOTX>
     <CMPNAME>CONVERT_ITAB_TO_XLS</CMPNAME>
     <SCONAME>E_T_XLS</SCONAME>
     <LANGU>J</LANGU>
     <DESCRIPT>GBT: SOLIX as Table Type</DESCRIPT>
    </SEOSUBCOTX>
    <SEOSUBCOTX>
     <CMPNAME>CONVERT_ITAB_TO_XLS</CMPNAME>
     <SCONAME>I_STR</SCONAME>
     <LANGU>J</LANGU>
     <DESCRIPT>internal table structure</DESCRIPT>
    </SEOSUBCOTX>
    <SEOSUBCOTX>
     <CMPNAME>CONVERT_ITAB_TO_XLS</CMPNAME>
     <SCONAME>I_T_CATLOG</SCONAME>
     <LANGU>J</LANGU>
     <DESCRIPT>Field Catalog for List Viewer Control</DESCRIPT>
    </SEOSUBCOTX>
    <SEOSUBCOTX>
     <CMPNAME>CONVERT_ITAB_TO_XLS</CMPNAME>
     <SCONAME>I_T_ITAB</SCONAME>
     <LANGU>J</LANGU>
     <DESCRIPT>internal table</DESCRIPT>
    </SEOSUBCOTX>
    <SEOSUBCOTX>
     <CMPNAME>CONVERT_ITAB_TO_XLS</CMPNAME>
     <SCONAME>I_XLSX</SCONAME>
     <LANGU>J</LANGU>
     <DESCRIPT>Konstante</DESCRIPT>
    </SEOSUBCOTX>
    <SEOSUBCOTX>
     <CMPNAME>CONVERT_XLS_DATE_FORMAT</CMPNAME>
     <SCONAME>I_XLS_DATE</SCONAME>
     <LANGU>J</LANGU>
     <DESCRIPT>Char255</DESCRIPT>
    </SEOSUBCOTX>
    <SEOSUBCOTX>
     <CMPNAME>CONVERT_XLS_DATE_FORMAT</CMPNAME>
     <SCONAME>O_ABAP_DATE</SCONAME>
     <LANGU>J</LANGU>
     <DESCRIPT>Char255</DESCRIPT>
    </SEOSUBCOTX>
    <SEOSUBCOTX>
     <CMPNAME>CONVERT_XLS_TIME_FORMAT</CMPNAME>
     <SCONAME>I_XLS_TIME</SCONAME>
     <LANGU>J</LANGU>
     <DESCRIPT>Char255</DESCRIPT>
    </SEOSUBCOTX>
    <SEOSUBCOTX>
     <CMPNAME>CONVERT_XLS_TIME_FORMAT</CMPNAME>
     <SCONAME>O_ABAP_TIME</SCONAME>
     <LANGU>J</LANGU>
     <DESCRIPT>Char255</DESCRIPT>
    </SEOSUBCOTX>
    <SEOSUBCOTX>
     <CMPNAME>CONVERT_XLS_TO_ITAB</CMPNAME>
     <SCONAME>O_REF_ROOT</SCONAME>
     <LANGU>J</LANGU>
     <DESCRIPT>Abstract Superclass for All Global Exceptions</DESCRIPT>
    </SEOSUBCOTX>
    <SEOSUBCOTX>
     <CMPNAME>CONVERT_XLS_TO_ITAB</CMPNAME>
     <SCONAME>O_SUBRC</SCONAME>
     <LANGU>J</LANGU>
     <DESCRIPT>ABAP System Field: Return Code of ABAP Statements</DESCRIPT>
    </SEOSUBCOTX>
    <SEOSUBCOTX>
     <CMPNAME>CREATE_DYNAMIC_RANGE</CMPNAME>
     <SCONAME>I_FIELDNAME</SCONAME>
     <LANGU>J</LANGU>
     <DESCRIPT>Field Name</DESCRIPT>
    </SEOSUBCOTX>
    <SEOSUBCOTX>
     <CMPNAME>CREATE_DYNAMIC_RANGE</CMPNAME>
     <SCONAME>I_TABNAME</SCONAME>
     <LANGU>J</LANGU>
     <DESCRIPT>Field Name</DESCRIPT>
    </SEOSUBCOTX>
    <SEOSUBCOTX>
     <CMPNAME>CREATE_DYNAMIC_RANGE</CMPNAME>
     <SCONAME>O_SUBRC</SCONAME>
     <LANGU>J</LANGU>
     <DESCRIPT>Return Code</DESCRIPT>
    </SEOSUBCOTX>
    <SEOSUBCOTX>
     <CMPNAME>CREATE_DYNAMIC_TABLE</CMPNAME>
     <SCONAME>I_T_DATATYPE</SCONAME>
     <LANGU>J</LANGU>
     <DESCRIPT>Table of Strings</DESCRIPT>
    </SEOSUBCOTX>
    <SEOSUBCOTX>
     <CMPNAME>CREATE_DYNAMIC_TABLE</CMPNAME>
     <SCONAME>I_T_FIELDNAME</SCONAME>
     <LANGU>J</LANGU>
     <DESCRIPT>Table of Strings</DESCRIPT>
    </SEOSUBCOTX>
    <SEOSUBCOTX>
     <CMPNAME>CREATE_DYNAMIC_TABLE</CMPNAME>
     <SCONAME>O_SUBRC</SCONAME>
     <LANGU>J</LANGU>
     <DESCRIPT>ABAP System Field: Return Code of ABAP Statements</DESCRIPT>
    </SEOSUBCOTX>
    <SEOSUBCOTX>
     <CMPNAME>CREATE_REPORT_VARIANT</CMPNAME>
     <SCONAME>I_REPORT</SCONAME>
     <LANGU>J</LANGU>
     <DESCRIPT>Report Name</DESCRIPT>
    </SEOSUBCOTX>
    <SEOSUBCOTX>
     <CMPNAME>CREATE_REPORT_VARIANT</CMPNAME>
     <SCONAME>I_T_CONTENTS</SCONAME>
     <LANGU>J</LANGU>
     <DESCRIPT>rsparams Table</DESCRIPT>
    </SEOSUBCOTX>
    <SEOSUBCOTX>
     <CMPNAME>CREATE_REPORT_VARIANT</CMPNAME>
     <SCONAME>I_VARIANT</SCONAME>
     <LANGU>J</LANGU>
     <DESCRIPT>Variant Name</DESCRIPT>
    </SEOSUBCOTX>
    <SEOSUBCOTX>
     <CMPNAME>CREATE_REPORT_VARIANT</CMPNAME>
     <SCONAME>L_RC</SCONAME>
     <LANGU>J</LANGU>
     <DESCRIPT>ABAP System Field: Return Code of ABAP Statements</DESCRIPT>
    </SEOSUBCOTX>
    <SEOSUBCOTX>
     <CMPNAME>DOWNLOAD_TO_LOCAL_XLS</CMPNAME>
     <SCONAME>E_SUBRC</SCONAME>
     <LANGU>J</LANGU>
     <DESCRIPT>ABAP System Field: Return Code of ABAP Statements</DESCRIPT>
    </SEOSUBCOTX>
    <SEOSUBCOTX>
     <CMPNAME>DOWNLOAD_TO_SERVER_XLS</CMPNAME>
     <SCONAME>O_SUBRC</SCONAME>
     <LANGU>J</LANGU>
     <DESCRIPT>ABAP System Field: Return Code of ABAP Statements</DESCRIPT>
    </SEOSUBCOTX>
    <SEOSUBCOTX>
     <CMPNAME>EXCEL_RANGE_TO_CELL</CMPNAME>
     <SCONAME>COL</SCONAME>
     <LANGU>J</LANGU>
     <DESCRIPT>Whole Number with +/- Sign (-2.147.483.648 .. 2.147.483.647)</DESCRIPT>
    </SEOSUBCOTX>
    <SEOSUBCOTX>
     <CMPNAME>EXCEL_RANGE_TO_CELL</CMPNAME>
     <SCONAME>RANGE</SCONAME>
     <LANGU>J</LANGU>
     <DESCRIPT>Character Field Length = 10</DESCRIPT>
    </SEOSUBCOTX>
    <SEOSUBCOTX>
     <CMPNAME>EXCEL_RANGE_TO_CELL</CMPNAME>
     <SCONAME>ROW</SCONAME>
     <LANGU>J</LANGU>
     <DESCRIPT>Whole Number with +/- Sign (-2.147.483.648 .. 2.147.483.647)</DESCRIPT>
    </SEOSUBCOTX>
    <SEOSUBCOTX>
     <CMPNAME>FULLFILL_DATA_TO_ITAB</CMPNAME>
     <SCONAME>I_T_DATATYPE</SCONAME>
     <LANGU>J</LANGU>
     <DESCRIPT>Table of Strings</DESCRIPT>
    </SEOSUBCOTX>
    <SEOSUBCOTX>
     <CMPNAME>LOAD_SHEET_DATA</CMPNAME>
     <SCONAME>O_T_RETURN</SCONAME>
     <LANGU>J</LANGU>
     <DESCRIPT>Return parameter table</DESCRIPT>
    </SEOSUBCOTX>
    <SEOSUBCOTX>
     <CMPNAME>SHOW_JOB_PROGRESS</CMPNAME>
     <SCONAME>I_JOBNAME</SCONAME>
     <LANGU>J</LANGU>
     <DESCRIPT>Background job name</DESCRIPT>
    </SEOSUBCOTX>
    <SEOSUBCOTX>
     <CMPNAME>UPLOAD_LOCAL_XLS</CMPNAME>
     <SCONAME>O_REF_ROOT</SCONAME>
     <LANGU>J</LANGU>
     <DESCRIPT>Abstract Superclass for All Global Exceptions</DESCRIPT>
    </SEOSUBCOTX>
    <SEOSUBCOTX>
     <CMPNAME>UPLOAD_SERVER_XLS</CMPNAME>
     <SCONAME>O_SUBRC</SCONAME>
     <LANGU>J</LANGU>
     <DESCRIPT>Return Code</DESCRIPT>
    </SEOSUBCOTX>
   </DESCRIPTIONS_SUB>
  </asx:values>
 </asx:abap>
</abapGit>
