﻿<?xml version="1.0" encoding="utf-8"?>
<abapGit version="v1.0.0" serializer="LCL_OBJECT_CLAS" serializer_version="v1.0.0">
 <asx:abap xmlns:asx="http://www.sap.com/abapxml" version="1.0">
  <asx:values>
   <VSEOCLASS>
    <CLSNAME>ZCL_4XX_BS_OFFICE2007_BASE</CLSNAME>
    <LANGU>J</LANGU>
    <DESCRIPT>Excel Export 2007</DESCRIPT>
    <STATE>1</STATE>
    <CLSCCINCL>X</CLSCCINCL>
    <FIXPT>X</FIXPT>
    <UNICODE>X</UNICODE>
    <WITH_UNIT_TESTS>X</WITH_UNIT_TESTS>
   </VSEOCLASS>
   <DESCRIPTIONS>
    <SEOCOMPOTX>
     <CMPNAME>CONSTRUCTOR</CMPNAME>
     <LANGU>J</LANGU>
     <DESCRIPT>Constructor</DESCRIPT>
    </SEOCOMPOTX>
    <SEOCOMPOTX>
     <CMPNAME>CREATE_FOOTER_ROW</CMPNAME>
     <LANGU>J</LANGU>
     <DESCRIPT>Add new by LJ</DESCRIPT>
    </SEOCOMPOTX>
    <SEOCOMPOTX>
     <CMPNAME>CREATE_HEADER_ROW</CMPNAME>
     <LANGU>J</LANGU>
     <DESCRIPT>Change added by LJ</DESCRIPT>
    </SEOCOMPOTX>
    <SEOCOMPOTX>
     <CMPNAME>DRAWINGPART</CMPNAME>
     <LANGU>J</LANGU>
     <DESCRIPT>cl_oxml_drawingspart</DESCRIPT>
    </SEOCOMPOTX>
    <SEOCOMPOTX>
     <CMPNAME>GUI_TYPE</CMPNAME>
     <LANGU>J</LANGU>
     <DESCRIPT>Constant</DESCRIPT>
    </SEOCOMPOTX>
    <SEOCOMPOTX>
     <CMPNAME>LAST_INSERT_POSITION</CMPNAME>
     <LANGU>J</LANGU>
     <DESCRIPT>Index of Internal Tables</DESCRIPT>
    </SEOCOMPOTX>
    <SEOCOMPOTX>
     <CMPNAME>R_RESULT_TABLE</CMPNAME>
     <LANGU>J</LANGU>
     <DESCRIPT>CL_SALV_BS_RESULT_DATA_TABLE</DESCRIPT>
    </SEOCOMPOTX>
    <SEOCOMPOTX>
     <CMPNAME>TRANSFORM_TO_OFF2007</CMPNAME>
     <LANGU>J</LANGU>
     <DESCRIPT>Change added by LJ</DESCRIPT>
    </SEOCOMPOTX>
   </DESCRIPTIONS>
   <DESCRIPTIONS_SUB>
    <SEOSUBCOTX>
     <CMPNAME>CONSTRUCTOR</CMPNAME>
     <SCONAME>R_RESULT_DATA</SCONAME>
     <LANGU>J</LANGU>
     <DESCRIPT>CL_SALV_BS_RESULT_DATA_TABLE</DESCRIPT>
    </SEOSUBCOTX>
    <SEOSUBCOTX>
     <CMPNAME>CREATE_CELL</CMPNAME>
     <SCONAME>R_MODEL</SCONAME>
     <LANGU>J</LANGU>
     <DESCRIPT>CL_SALV_BS_MODEL_TABLE</DESCRIPT>
    </SEOSUBCOTX>
    <SEOSUBCOTX>
     <CMPNAME>CREATE_CELLS</CMPNAME>
     <SCONAME>R_MODEL</SCONAME>
     <LANGU>J</LANGU>
     <DESCRIPT>CL_SALV_BS_MODEL_TABLE</DESCRIPT>
    </SEOSUBCOTX>
    <SEOSUBCOTX>
     <CMPNAME>CREATE_DATA_CELL</CMPNAME>
     <SCONAME>R_MODEL</SCONAME>
     <LANGU>J</LANGU>
     <DESCRIPT>CL_SALV_BS_MODEL_TABLE</DESCRIPT>
    </SEOSUBCOTX>
    <SEOSUBCOTX>
     <CMPNAME>CREATE_FOOTER_ROW</CMPNAME>
     <SCONAME>I_ROW_INDEX</SCONAME>
     <LANGU>J</LANGU>
     <DESCRIPT>+/- 符号付きの整数 (-2,147,483,648 .. 2,147,483,647)</DESCRIPT>
    </SEOSUBCOTX>
    <SEOSUBCOTX>
     <CMPNAME>CREATE_HEADER_ROW</CMPNAME>
     <SCONAME>R_MODEL</SCONAME>
     <LANGU>J</LANGU>
     <DESCRIPT>CL_SALV_BS_MODEL_TABLE</DESCRIPT>
    </SEOSUBCOTX>
    <SEOSUBCOTX>
     <CMPNAME>CREATE_HIER_CELL</CMPNAME>
     <SCONAME>R_MODEL</SCONAME>
     <LANGU>J</LANGU>
     <DESCRIPT>CL_SALV_BS_MODEL_TABLE</DESCRIPT>
    </SEOSUBCOTX>
    <SEOSUBCOTX>
     <CMPNAME>CREATE_TOTAL_CELL</CMPNAME>
     <SCONAME>R_MODEL</SCONAME>
     <LANGU>J</LANGU>
     <DESCRIPT>CL_SALV_BS_MODEL_TABLE</DESCRIPT>
    </SEOSUBCOTX>
    <SEOSUBCOTX>
     <CMPNAME>GET_CELL_VALUE</CMPNAME>
     <SCONAME>R_MODEL</SCONAME>
     <LANGU>J</LANGU>
     <DESCRIPT>CL_SALV_BS_MODEL_TABLE</DESCRIPT>
    </SEOSUBCOTX>
   </DESCRIPTIONS_SUB>
  </asx:values>
 </asx:abap>
</abapGit>
