﻿<?xml version="1.0" encoding="utf-8"?>
<abapGit version="v1.0.0" serializer="LCL_OBJECT_CLAS" serializer_version="v1.0.0">
 <asx:abap xmlns:asx="http://www.sap.com/abapxml" version="1.0">
  <asx:values>
   <VSEOCLASS>
    <CLSNAME>ZCL_INTERFACE_FACTORY</CLSNAME>
    <LANGU>J</LANGU>
    <DESCRIPT>インタフェース共通機能ファクトリー</DESCRIPT>
    <STATE>1</STATE>
    <CLSCCINCL>X</CLSCCINCL>
    <FIXPT>X</FIXPT>
    <UNICODE>X</UNICODE>
   </VSEOCLASS>
   <DESCRIPTIONS>
    <SEOCOMPOTX>
     <CMPNAME>CHECK_CURRENCY_FORMAT</CMPNAME>
     <LANGU>J</LANGU>
     <DESCRIPT>金額・単価項目チェック</DESCRIPT>
    </SEOCOMPOTX>
    <SEOCOMPOTX>
     <CMPNAME>CHECK_DATE_FORMART</CMPNAME>
     <LANGU>J</LANGU>
     <DESCRIPT>日付項目チェック</DESCRIPT>
    </SEOCOMPOTX>
    <SEOCOMPOTX>
     <CMPNAME>CHECK_NUMERIC_FORMAT</CMPNAME>
     <LANGU>J</LANGU>
     <DESCRIPT>数値項目チェック</DESCRIPT>
    </SEOCOMPOTX>
    <SEOCOMPOTX>
     <CMPNAME>CREATE_BACKUPFILE</CMPNAME>
     <LANGU>J</LANGU>
     <DESCRIPT>バックアップファイル退避</DESCRIPT>
    </SEOCOMPOTX>
    <SEOCOMPOTX>
     <CMPNAME>CREATE_FILE_NAME</CMPNAME>
     <LANGU>J</LANGU>
     <DESCRIPT>ファイル名編集</DESCRIPT>
    </SEOCOMPOTX>
    <SEOCOMPOTX>
     <CMPNAME>CREATE_FILE_REC</CMPNAME>
     <LANGU>J</LANGU>
     <DESCRIPT>出力ファイルレコード作成</DESCRIPT>
    </SEOCOMPOTX>
    <SEOCOMPOTX>
     <CMPNAME>DELETE_FILES</CMPNAME>
     <LANGU>J</LANGU>
     <DESCRIPT>ファイル削除</DESCRIPT>
    </SEOCOMPOTX>
    <SEOCOMPOTX>
     <CMPNAME>DEQUEUE_INTERFACEID</CMPNAME>
     <LANGU>J</LANGU>
     <DESCRIPT>インタフェースID排他処理解除</DESCRIPT>
    </SEOCOMPOTX>
    <SEOCOMPOTX>
     <CMPNAME>END_PROCESSING_FILE</CMPNAME>
     <LANGU>J</LANGU>
     <DESCRIPT>ファイル処理終了</DESCRIPT>
    </SEOCOMPOTX>
    <SEOCOMPOTX>
     <CMPNAME>END_PROCESSING_INTERFACE</CMPNAME>
     <LANGU>J</LANGU>
     <DESCRIPT>インタフェース終了処理</DESCRIPT>
    </SEOCOMPOTX>
    <SEOCOMPOTX>
     <CMPNAME>ENQUEUE_INTERFACEID</CMPNAME>
     <LANGU>J</LANGU>
     <DESCRIPT>インタフェースID排他処理開始</DESCRIPT>
    </SEOCOMPOTX>
    <SEOCOMPOTX>
     <CMPNAME>EXECUTE_OUTBOUND_FILE</CMPNAME>
     <LANGU>J</LANGU>
     <DESCRIPT>ファイル出力</DESCRIPT>
    </SEOCOMPOTX>
    <SEOCOMPOTX>
     <CMPNAME>FREE_ERROR_REC</CMPNAME>
     <LANGU>J</LANGU>
     <DESCRIPT>エラーレコード記録クリア</DESCRIPT>
    </SEOCOMPOTX>
    <SEOCOMPOTX>
     <CMPNAME>FREE_IF_REC</CMPNAME>
     <LANGU>J</LANGU>
     <DESCRIPT>インタフェースレコード記録クリア</DESCRIPT>
    </SEOCOMPOTX>
    <SEOCOMPOTX>
     <CMPNAME>GET_ERROR_REC</CMPNAME>
     <LANGU>J</LANGU>
     <DESCRIPT>エラーレコード記録取得</DESCRIPT>
    </SEOCOMPOTX>
    <SEOCOMPOTX>
     <CMPNAME>GET_FILE_LIST</CMPNAME>
     <LANGU>J</LANGU>
     <DESCRIPT>インタフェースファイルリスト取得</DESCRIPT>
    </SEOCOMPOTX>
    <SEOCOMPOTX>
     <CMPNAME>GET_FILE_TIMESTMP</CMPNAME>
     <LANGU>J</LANGU>
     <DESCRIPT>File名タイムスタンプ取得</DESCRIPT>
    </SEOCOMPOTX>
    <SEOCOMPOTX>
     <CMPNAME>GET_FULL_PATH</CMPNAME>
     <LANGU>J</LANGU>
     <DESCRIPT>ファイル名（パスつき）を取得</DESCRIPT>
    </SEOCOMPOTX>
    <SEOCOMPOTX>
     <CMPNAME>GET_IFID_INFO</CMPNAME>
     <LANGU>J</LANGU>
     <DESCRIPT>インタフェースID情報取得</DESCRIPT>
    </SEOCOMPOTX>
    <SEOCOMPOTX>
     <CMPNAME>GET_IF_FIELDS_INFO</CMPNAME>
     <LANGU>J</LANGU>
     <DESCRIPT>インタフェースファイルラベル取得</DESCRIPT>
    </SEOCOMPOTX>
    <SEOCOMPOTX>
     <CMPNAME>GET_INTERFACEID</CMPNAME>
     <LANGU>J</LANGU>
     <DESCRIPT>インタフェースID取得</DESCRIPT>
    </SEOCOMPOTX>
    <SEOCOMPOTX>
     <CMPNAME>GET_TEXT_ELEMENT</CMPNAME>
     <LANGU>J</LANGU>
     <DESCRIPT>テキストエレメント取得</DESCRIPT>
    </SEOCOMPOTX>
    <SEOCOMPOTX>
     <CMPNAME>GFLG_FILE_READY_ERR</CMPNAME>
     <LANGU>J</LANGU>
     <DESCRIPT>事前準備ファイルエラー</DESCRIPT>
    </SEOCOMPOTX>
    <SEOCOMPOTX>
     <CMPNAME>GS_JOBINFO</CMPNAME>
     <LANGU>J</LANGU>
     <DESCRIPT>実行ジョブ情報</DESCRIPT>
    </SEOCOMPOTX>
    <SEOCOMPOTX>
     <CMPNAME>GT_ERR_FILE_REC</CMPNAME>
     <LANGU>J</LANGU>
     <DESCRIPT>エラーファイル内容 テーブル型</DESCRIPT>
    </SEOCOMPOTX>
    <SEOCOMPOTX>
     <CMPNAME>GT_IF_FILE_REC</CMPNAME>
     <LANGU>J</LANGU>
     <DESCRIPT>実行ファイル内容 テーブル型</DESCRIPT>
    </SEOCOMPOTX>
    <SEOCOMPOTX>
     <CMPNAME>G_MSG_DUMMY</CMPNAME>
     <LANGU>J</LANGU>
     <DESCRIPT>メッセージダミー</DESCRIPT>
    </SEOCOMPOTX>
    <SEOCOMPOTX>
     <CMPNAME>MESSAGE_OUTPUT</CMPNAME>
     <LANGU>J</LANGU>
     <DESCRIPT>メッセージ出力</DESCRIPT>
    </SEOCOMPOTX>
    <SEOCOMPOTX>
     <CMPNAME>PREPARE_ERROR_FILE_REC</CMPNAME>
     <LANGU>J</LANGU>
     <DESCRIPT>エラーファイルレコード退避</DESCRIPT>
    </SEOCOMPOTX>
    <SEOCOMPOTX>
     <CMPNAME>PREPARE_OUTBOUND_FILE</CMPNAME>
     <LANGU>J</LANGU>
     <DESCRIPT>ファイル出力準備</DESCRIPT>
    </SEOCOMPOTX>
    <SEOCOMPOTX>
     <CMPNAME>READ_FILE_TO_TABLE</CMPNAME>
     <LANGU>J</LANGU>
     <DESCRIPT>ファイルデータを内部テーブルに読み込み</DESCRIPT>
    </SEOCOMPOTX>
    <SEOCOMPOTX>
     <CMPNAME>RECREATE_ERROR_FILE</CMPNAME>
     <LANGU>J</LANGU>
     <DESCRIPT>エラーファイル作成</DESCRIPT>
    </SEOCOMPOTX>
    <SEOCOMPOTX>
     <CMPNAME>RECREATE_IF_REC</CMPNAME>
     <LANGU>J</LANGU>
     <DESCRIPT>インタフェースレコード記録再生成</DESCRIPT>
    </SEOCOMPOTX>
    <SEOCOMPOTX>
     <CMPNAME>SET_FILE_TIMESTAMP</CMPNAME>
     <LANGU>J</LANGU>
     <DESCRIPT>ファイルタイムスタンプセット</DESCRIPT>
    </SEOCOMPOTX>
    <SEOCOMPOTX>
     <CMPNAME>START_PROCESSING_FILE</CMPNAME>
     <LANGU>J</LANGU>
     <DESCRIPT>ファイル処理開始</DESCRIPT>
    </SEOCOMPOTX>
    <SEOCOMPOTX>
     <CMPNAME>START_PROCESSING_INTERFACE</CMPNAME>
     <LANGU>J</LANGU>
     <DESCRIPT>インタフェース開始処理</DESCRIPT>
    </SEOCOMPOTX>
    <SEOCOMPOTX>
     <CMPNAME>TYP_FILE_LINES</CMPNAME>
     <LANGU>J</LANGU>
     <DESCRIPT>実行ファイル内容</DESCRIPT>
    </SEOCOMPOTX>
    <SEOCOMPOTX>
     <CMPNAME>TYP_JOB_INFO</CMPNAME>
     <LANGU>J</LANGU>
     <DESCRIPT>実行ジョブ情報</DESCRIPT>
    </SEOCOMPOTX>
    <SEOCOMPOTX>
     <CMPNAME>TYP_PRO_FILE</CMPNAME>
     <LANGU>J</LANGU>
     <DESCRIPT>実行ファイル情報</DESCRIPT>
    </SEOCOMPOTX>
    <SEOCOMPOTX>
     <CMPNAME>TYP_T_PRO_FILE</CMPNAME>
     <LANGU>J</LANGU>
     <DESCRIPT>実行ファイル情報 テーブル型</DESCRIPT>
    </SEOCOMPOTX>
    <SEOCOMPOTX>
     <CMPNAME>WRITE_ERROR_JOBINFO</CMPNAME>
     <LANGU>J</LANGU>
     <DESCRIPT>処理エラーの情報スプール出力</DESCRIPT>
    </SEOCOMPOTX>
   </DESCRIPTIONS>
   <DESCRIPTIONS_SUB>
    <SEOSUBCOTX>
     <CMPNAME>CHECK_CURRENCY_FORMAT</CMPNAME>
     <SCONAME>CS_PRO_FILE</SCONAME>
     <LANGU>J</LANGU>
     <DESCRIPT>実行ファイル情報</DESCRIPT>
    </SEOSUBCOTX>
    <SEOSUBCOTX>
     <CMPNAME>CHECK_CURRENCY_FORMAT</CMPNAME>
     <SCONAME>E_MSG</SCONAME>
     <LANGU>J</LANGU>
     <DESCRIPT>メッセージテキスト</DESCRIPT>
    </SEOSUBCOTX>
    <SEOSUBCOTX>
     <CMPNAME>CHECK_CURRENCY_FORMAT</CMPNAME>
     <SCONAME>I_INPUT</SCONAME>
     <LANGU>J</LANGU>
     <DESCRIPT>入力値</DESCRIPT>
    </SEOSUBCOTX>
    <SEOSUBCOTX>
     <CMPNAME>CHECK_CURRENCY_FORMAT</CMPNAME>
     <SCONAME>I_LINE</SCONAME>
     <LANGU>J</LANGU>
     <DESCRIPT>ファイルライン</DESCRIPT>
    </SEOSUBCOTX>
    <SEOSUBCOTX>
     <CMPNAME>CHECK_DATE_FORMART</CMPNAME>
     <SCONAME>CS_PRO_FILE</SCONAME>
     <LANGU>J</LANGU>
     <DESCRIPT>実行ファイル情報</DESCRIPT>
    </SEOSUBCOTX>
    <SEOSUBCOTX>
     <CMPNAME>CHECK_DATE_FORMART</CMPNAME>
     <SCONAME>E_MSG</SCONAME>
     <LANGU>J</LANGU>
     <DESCRIPT>メッセージテキスト</DESCRIPT>
    </SEOSUBCOTX>
    <SEOSUBCOTX>
     <CMPNAME>CHECK_DATE_FORMART</CMPNAME>
     <SCONAME>I_FORMAT</SCONAME>
     <LANGU>J</LANGU>
     <DESCRIPT>YYYYMMDD</DESCRIPT>
    </SEOSUBCOTX>
    <SEOSUBCOTX>
     <CMPNAME>CHECK_DATE_FORMART</CMPNAME>
     <SCONAME>I_INPUT</SCONAME>
     <LANGU>J</LANGU>
     <DESCRIPT>Date input</DESCRIPT>
    </SEOSUBCOTX>
    <SEOSUBCOTX>
     <CMPNAME>CHECK_DATE_FORMART</CMPNAME>
     <SCONAME>I_LINE</SCONAME>
     <LANGU>J</LANGU>
     <DESCRIPT>ファイルレコード行番</DESCRIPT>
    </SEOSUBCOTX>
    <SEOSUBCOTX>
     <CMPNAME>CHECK_NUMERIC_FORMAT</CMPNAME>
     <SCONAME>CS_PRO_FILE</SCONAME>
     <LANGU>J</LANGU>
     <DESCRIPT>実行ファイル情報</DESCRIPT>
    </SEOSUBCOTX>
    <SEOSUBCOTX>
     <CMPNAME>CHECK_NUMERIC_FORMAT</CMPNAME>
     <SCONAME>E_MSG</SCONAME>
     <LANGU>J</LANGU>
     <DESCRIPT>メッセージテキスト</DESCRIPT>
    </SEOSUBCOTX>
    <SEOSUBCOTX>
     <CMPNAME>CHECK_NUMERIC_FORMAT</CMPNAME>
     <SCONAME>I_INPUT</SCONAME>
     <LANGU>J</LANGU>
     <DESCRIPT>入力値</DESCRIPT>
    </SEOSUBCOTX>
    <SEOSUBCOTX>
     <CMPNAME>CHECK_NUMERIC_FORMAT</CMPNAME>
     <SCONAME>I_LINE</SCONAME>
     <LANGU>J</LANGU>
     <DESCRIPT>ファイルライン番号</DESCRIPT>
    </SEOSUBCOTX>
    <SEOSUBCOTX>
     <CMPNAME>CREATE_BACKUPFILE</CMPNAME>
     <SCONAME>IS_PRO_FILE</SCONAME>
     <LANGU>J</LANGU>
     <DESCRIPT>実行ファイル情報</DESCRIPT>
    </SEOSUBCOTX>
    <SEOSUBCOTX>
     <CMPNAME>CREATE_FILE_NAME</CMPNAME>
     <SCONAME>CS_PRO_FILE</SCONAME>
     <LANGU>J</LANGU>
     <DESCRIPT>実行ファイル情報</DESCRIPT>
    </SEOSUBCOTX>
    <SEOSUBCOTX>
     <CMPNAME>CREATE_FILE_NAME</CMPNAME>
     <SCONAME>I_IFID</SCONAME>
     <LANGU>J</LANGU>
     <DESCRIPT>インタフェースID</DESCRIPT>
    </SEOSUBCOTX>
    <SEOSUBCOTX>
     <CMPNAME>CREATE_FILE_REC</CMPNAME>
     <SCONAME>ET_FILE_REC</SCONAME>
     <LANGU>J</LANGU>
     <DESCRIPT>実行ファイル内容 テーブル型</DESCRIPT>
    </SEOSUBCOTX>
    <SEOSUBCOTX>
     <CMPNAME>DELETE_FILES</CMPNAME>
     <SCONAME>IT_PRO_FILE</SCONAME>
     <LANGU>J</LANGU>
     <DESCRIPT>実行ファイル情報 テーブル型</DESCRIPT>
    </SEOSUBCOTX>
    <SEOSUBCOTX>
     <CMPNAME>DEQUEUE_INTERFACEID</CMPNAME>
     <SCONAME>I_IFID</SCONAME>
     <LANGU>J</LANGU>
     <DESCRIPT>インターフェースID</DESCRIPT>
    </SEOSUBCOTX>
    <SEOSUBCOTX>
     <CMPNAME>END_PROCESSING_FILE</CMPNAME>
     <SCONAME>IS_PRO_FILE</SCONAME>
     <LANGU>J</LANGU>
     <DESCRIPT>実行ファイル情報</DESCRIPT>
    </SEOSUBCOTX>
    <SEOSUBCOTX>
     <CMPNAME>END_PROCESSING_INTERFACE</CMPNAME>
     <SCONAME>IT_PRO_FILE</SCONAME>
     <LANGU>J</LANGU>
     <DESCRIPT>実行ファイル情報 テーブル型</DESCRIPT>
    </SEOSUBCOTX>
    <SEOSUBCOTX>
     <CMPNAME>END_PROCESSING_INTERFACE</CMPNAME>
     <SCONAME>I_IFID</SCONAME>
     <LANGU>J</LANGU>
     <DESCRIPT>インターフェースID</DESCRIPT>
    </SEOSUBCOTX>
    <SEOSUBCOTX>
     <CMPNAME>ENQUEUE_INTERFACEID</CMPNAME>
     <SCONAME>I_IFID</SCONAME>
     <LANGU>J</LANGU>
     <DESCRIPT>インタフェースID</DESCRIPT>
    </SEOSUBCOTX>
    <SEOSUBCOTX>
     <CMPNAME>ENQUEUE_INTERFACEID</CMPNAME>
     <SCONAME>R_RESULT</SCONAME>
     <LANGU>J</LANGU>
     <DESCRIPT>処理結果フラグ</DESCRIPT>
    </SEOSUBCOTX>
    <SEOSUBCOTX>
     <CMPNAME>EXECUTE_OUTBOUND_FILE</CMPNAME>
     <SCONAME>CS_PRO_FILE</SCONAME>
     <LANGU>J</LANGU>
     <DESCRIPT>実行ファイル情報</DESCRIPT>
    </SEOSUBCOTX>
    <SEOSUBCOTX>
     <CMPNAME>GET_ERROR_REC</CMPNAME>
     <SCONAME>ET_ERROR_REC</SCONAME>
     <LANGU>J</LANGU>
     <DESCRIPT>実行ファイル内容 テーブル型</DESCRIPT>
    </SEOSUBCOTX>
    <SEOSUBCOTX>
     <CMPNAME>GET_FILE_LIST</CMPNAME>
     <SCONAME>ET_PRO_FILE</SCONAME>
     <LANGU>J</LANGU>
     <DESCRIPT>File list</DESCRIPT>
    </SEOSUBCOTX>
    <SEOSUBCOTX>
     <CMPNAME>GET_FILE_LIST</CMPNAME>
     <SCONAME>I_IFID</SCONAME>
     <LANGU>J</LANGU>
     <DESCRIPT>インタフェースID</DESCRIPT>
    </SEOSUBCOTX>
    <SEOSUBCOTX>
     <CMPNAME>GET_FILE_LIST</CMPNAME>
     <SCONAME>I_RERUN</SCONAME>
     <LANGU>J</LANGU>
     <DESCRIPT>再実行フラグ</DESCRIPT>
    </SEOSUBCOTX>
    <SEOSUBCOTX>
     <CMPNAME>GET_FILE_TIMESTMP</CMPNAME>
     <SCONAME>E_TIMESTAMP</SCONAME>
     <LANGU>J</LANGU>
     <DESCRIPT>タイムスタンプ</DESCRIPT>
    </SEOSUBCOTX>
    <SEOSUBCOTX>
     <CMPNAME>GET_FILE_TIMESTMP</CMPNAME>
     <SCONAME>I_FILENAME</SCONAME>
     <LANGU>J</LANGU>
     <DESCRIPT>ファイル名</DESCRIPT>
    </SEOSUBCOTX>
    <SEOSUBCOTX>
     <CMPNAME>GET_FULL_PATH</CMPNAME>
     <SCONAME>ES_PRO_FILE</SCONAME>
     <LANGU>J</LANGU>
     <DESCRIPT>実行ファイル情報</DESCRIPT>
    </SEOSUBCOTX>
    <SEOSUBCOTX>
     <CMPNAME>GET_FULL_PATH</CMPNAME>
     <SCONAME>I_FILE_TYPE</SCONAME>
     <LANGU>J</LANGU>
     <DESCRIPT>ファイルタイプ</DESCRIPT>
    </SEOSUBCOTX>
    <SEOSUBCOTX>
     <CMPNAME>GET_FULL_PATH</CMPNAME>
     <SCONAME>I_LOGICAL_PATH</SCONAME>
     <LANGU>J</LANGU>
     <DESCRIPT>論理パス名</DESCRIPT>
    </SEOSUBCOTX>
    <SEOSUBCOTX>
     <CMPNAME>GET_IFID_INFO</CMPNAME>
     <SCONAME>I_IFID</SCONAME>
     <LANGU>J</LANGU>
     <DESCRIPT>インタフェースID</DESCRIPT>
    </SEOSUBCOTX>
    <SEOSUBCOTX>
     <CMPNAME>GET_IFID_INFO</CMPNAME>
     <SCONAME>R_IFID_INFO</SCONAME>
     <LANGU>J</LANGU>
     <DESCRIPT>インタフェースコントロールテーブル</DESCRIPT>
    </SEOSUBCOTX>
    <SEOSUBCOTX>
     <CMPNAME>GET_IF_FIELDS_INFO</CMPNAME>
     <SCONAME>ET_DFIES</SCONAME>
     <LANGU>J</LANGU>
     <DESCRIPT>文字列のテーブル</DESCRIPT>
    </SEOSUBCOTX>
    <SEOSUBCOTX>
     <CMPNAME>GET_IF_FIELDS_INFO</CMPNAME>
     <SCONAME>I_IFID</SCONAME>
     <LANGU>J</LANGU>
     <DESCRIPT>インタフェースID</DESCRIPT>
    </SEOSUBCOTX>
    <SEOSUBCOTX>
     <CMPNAME>GET_INTERFACEID</CMPNAME>
     <SCONAME>I_PROG</SCONAME>
     <LANGU>J</LANGU>
     <DESCRIPT>呼出プログラム</DESCRIPT>
    </SEOSUBCOTX>
    <SEOSUBCOTX>
     <CMPNAME>GET_INTERFACEID</CMPNAME>
     <SCONAME>R_IFID</SCONAME>
     <LANGU>J</LANGU>
     <DESCRIPT>インタフェースID</DESCRIPT>
    </SEOSUBCOTX>
    <SEOSUBCOTX>
     <CMPNAME>MESSAGE_OUTPUT</CMPNAME>
     <SCONAME>ERROR_MSG</SCONAME>
     <LANGU>J</LANGU>
     <DESCRIPT>error msg</DESCRIPT>
    </SEOSUBCOTX>
    <SEOSUBCOTX>
     <CMPNAME>MESSAGE_OUTPUT</CMPNAME>
     <SCONAME>I_SYST</SCONAME>
     <LANGU>J</LANGU>
     <DESCRIPT>ABAP システム項目</DESCRIPT>
    </SEOSUBCOTX>
    <SEOSUBCOTX>
     <CMPNAME>PREPARE_ERROR_FILE_REC</CMPNAME>
     <SCONAME>CS_PRO_FILE</SCONAME>
     <LANGU>J</LANGU>
     <DESCRIPT>実行ファイル情報</DESCRIPT>
    </SEOSUBCOTX>
    <SEOSUBCOTX>
     <CMPNAME>PREPARE_ERROR_FILE_REC</CMPNAME>
     <SCONAME>I_LINE</SCONAME>
     <LANGU>J</LANGU>
     <DESCRIPT>ファイルライン番号</DESCRIPT>
    </SEOSUBCOTX>
    <SEOSUBCOTX>
     <CMPNAME>PREPARE_OUTBOUND_FILE</CMPNAME>
     <SCONAME>CS_PRO_FILE</SCONAME>
     <LANGU>J</LANGU>
     <DESCRIPT>実行ファイル情報</DESCRIPT>
    </SEOSUBCOTX>
    <SEOSUBCOTX>
     <CMPNAME>PREPARE_OUTBOUND_FILE</CMPNAME>
     <SCONAME>ET_FILE_REC</SCONAME>
     <LANGU>J</LANGU>
     <DESCRIPT>実行ファイル内容</DESCRIPT>
    </SEOSUBCOTX>
    <SEOSUBCOTX>
     <CMPNAME>PREPARE_OUTBOUND_FILE</CMPNAME>
     <SCONAME>I_IFID</SCONAME>
     <LANGU>J</LANGU>
     <DESCRIPT>インタフェースID</DESCRIPT>
    </SEOSUBCOTX>
    <SEOSUBCOTX>
     <CMPNAME>READ_FILE_TO_TABLE</CMPNAME>
     <SCONAME>CS_PRO_FILE</SCONAME>
     <LANGU>J</LANGU>
     <DESCRIPT>実行ファイル情報</DESCRIPT>
    </SEOSUBCOTX>
    <SEOSUBCOTX>
     <CMPNAME>READ_FILE_TO_TABLE</CMPNAME>
     <SCONAME>I_RERUN</SCONAME>
     <LANGU>J</LANGU>
     <DESCRIPT>再実行フラグ</DESCRIPT>
    </SEOSUBCOTX>
    <SEOSUBCOTX>
     <CMPNAME>RECREATE_ERROR_FILE</CMPNAME>
     <SCONAME>CS_PRO_FILE</SCONAME>
     <LANGU>J</LANGU>
     <DESCRIPT>実行ファイル情報</DESCRIPT>
    </SEOSUBCOTX>
    <SEOSUBCOTX>
     <CMPNAME>RECREATE_ERROR_FILE</CMPNAME>
     <SCONAME>R_RESULT</SCONAME>
     <LANGU>J</LANGU>
     <DESCRIPT>一般フラグ</DESCRIPT>
    </SEOSUBCOTX>
    <SEOSUBCOTX>
     <CMPNAME>START_PROCESSING_FILE</CMPNAME>
     <SCONAME>IS_PRO_FILE</SCONAME>
     <LANGU>J</LANGU>
     <DESCRIPT>実行ファイル情報</DESCRIPT>
    </SEOSUBCOTX>
    <SEOSUBCOTX>
     <CMPNAME>START_PROCESSING_INTERFACE</CMPNAME>
     <SCONAME>I_EDAT</SCONAME>
     <LANGU>J</LANGU>
     <DESCRIPT>日付</DESCRIPT>
    </SEOSUBCOTX>
    <SEOSUBCOTX>
     <CMPNAME>START_PROCESSING_INTERFACE</CMPNAME>
     <SCONAME>I_IFID</SCONAME>
     <LANGU>J</LANGU>
     <DESCRIPT>インタフェースID</DESCRIPT>
    </SEOSUBCOTX>
    <SEOSUBCOTX>
     <CMPNAME>START_PROCESSING_INTERFACE</CMPNAME>
     <SCONAME>R_ENQUE</SCONAME>
     <LANGU>J</LANGU>
     <DESCRIPT>一般フラグ</DESCRIPT>
    </SEOSUBCOTX>
    <SEOSUBCOTX>
     <CMPNAME>WRITE_ERROR_JOBINFO</CMPNAME>
     <SCONAME>I_MSG</SCONAME>
     <LANGU>J</LANGU>
     <DESCRIPT>メッセージ</DESCRIPT>
    </SEOSUBCOTX>
   </DESCRIPTIONS_SUB>
  </asx:values>
 </asx:abap>
</abapGit>
