﻿<?xml version="1.0" encoding="utf-8"?>
<abapGit version="v1.0.0" serializer="LCL_OBJECT_DTEL" serializer_version="v1.0.0">
 <asx:abap xmlns:asx="http://www.sap.com/abapxml" version="1.0">
  <asx:values>
   <DD04V>
    <ROLLNAME>ZEIFEPATH</ROLLNAME>
    <DOMNAME>PATHINTERN</DOMNAME>
    <HEADLEN>55</HEADLEN>
    <SCRLEN1>10</SCRLEN1>
    <SCRLEN2>20</SCRLEN2>
    <SCRLEN3>40</SCRLEN3>
    <DTELMASTER>J</DTELMASTER>
    <REFKIND>D</REFKIND>
   </DD04V>
   <I18N_LANGS>
    <LANGU>J</LANGU>
   </I18N_LANGS>
   <DD04_TEXTS>
    <item>
     <DDLANGUAGE>J</DDLANGUAGE>
     <DDTEXT>エラーファイルパス</DDTEXT>
     <REPTEXT>エラーファイルパス</REPTEXT>
     <SCRTEXT_S>ファイルパス</SCRTEXT_S>
     <SCRTEXT_M>エラーファイルパス</SCRTEXT_M>
     <SCRTEXT_L>エラーファイルパス</SCRTEXT_L>
    </item>
   </DD04_TEXTS>
  </asx:values>
 </asx:abap>
</abapGit>
