﻿<?xml version="1.0" encoding="utf-8"?>
<abapGit version="v1.0.0" serializer="LCL_OBJECT_MSAG" serializer_version="v1.0.0">
 <asx:abap xmlns:asx="http://www.sap.com/abapxml" version="1.0">
  <asx:values>
   <T100A>
    <ARBGB>ZIF001</ARBGB>
    <MASTERLANG>J</MASTERLANG>
    <STEXT>Interface Message</STEXT>
   </T100A>
   <I18N_LANGS>
    <LANGU>J</LANGU>
   </I18N_LANGS>
   <T100T>
    <T100T>
     <SPRSL>J</SPRSL>
     <ARBGB>ZIF001</ARBGB>
     <STEXT>Interface Message</STEXT>
    </T100T>
   </T100T>
   <T100_TEXTS>
    <item>
     <SPRSL>J</SPRSL>
     <MSGNR>000</MSGNR>
     <TEXT>インタフェースIDが登録されていません &amp;1.</TEXT>
    </item>
    <item>
     <SPRSL>J</SPRSL>
     <MSGNR>001</MSGNR>
     <TEXT>インタフェース処理開始: &amp;1 &amp;2</TEXT>
    </item>
    <item>
     <SPRSL>J</SPRSL>
     <MSGNR>002</MSGNR>
     <TEXT>ファイルデータが存在しません &amp;1</TEXT>
    </item>
    <item>
     <SPRSL>J</SPRSL>
     <MSGNR>003</MSGNR>
     <TEXT>再実行エラーファイルの物理パスを指定してください。</TEXT>
    </item>
    <item>
     <SPRSL>J</SPRSL>
     <MSGNR>004</MSGNR>
     <TEXT>再実行エラーファイル名を指定してください。</TEXT>
    </item>
    <item>
     <SPRSL>J</SPRSL>
     <MSGNR>005</MSGNR>
     <TEXT>物理パスを特定することができませんでした。&amp;</TEXT>
    </item>
    <item>
     <SPRSL>J</SPRSL>
     <MSGNR>006</MSGNR>
     <TEXT>処理対象ファイルが存在しません &amp;1</TEXT>
    </item>
    <item>
     <SPRSL>J</SPRSL>
     <MSGNR>007</MSGNR>
     <TEXT>汎用モジュールエラー &amp;1 &amp;2 &amp;3 &amp;4</TEXT>
    </item>
    <item>
     <SPRSL>J</SPRSL>
     <MSGNR>008</MSGNR>
     <TEXT>ファイル名 &amp;1 が命名規約に違反です。IF処理はスキップされます。</TEXT>
    </item>
    <item>
     <SPRSL>J</SPRSL>
     <MSGNR>009</MSGNR>
     <TEXT>ファイル処理開始: &amp;1 &amp;2</TEXT>
    </item>
    <item>
     <SPRSL>J</SPRSL>
     <MSGNR>010</MSGNR>
     <TEXT>ファイルオープンエラー　&amp;1 &amp;2</TEXT>
    </item>
    <item>
     <SPRSL>J</SPRSL>
     <MSGNR>011</MSGNR>
     <TEXT>ファイルオープン試行回数 &amp;1 &amp;2 &amp;3</TEXT>
    </item>
    <item>
     <SPRSL>J</SPRSL>
     <MSGNR>012</MSGNR>
     <TEXT>項目変換エラー &amp;1 &amp;2</TEXT>
    </item>
    <item>
     <SPRSL>J</SPRSL>
     <MSGNR>013</MSGNR>
     <TEXT>バックアップファイル出力 &amp;1 &amp;2</TEXT>
    </item>
    <item>
     <SPRSL>J</SPRSL>
     <MSGNR>014</MSGNR>
     <TEXT>ファイル削除エラー &amp;1 &amp;2</TEXT>
    </item>
    <item>
     <SPRSL>J</SPRSL>
     <MSGNR>015</MSGNR>
     <TEXT>処理件数 : &amp;1</TEXT>
    </item>
    <item>
     <SPRSL>J</SPRSL>
     <MSGNR>016</MSGNR>
     <TEXT>正常件数: &amp;1</TEXT>
    </item>
    <item>
     <SPRSL>J</SPRSL>
     <MSGNR>017</MSGNR>
     <TEXT>エラー件数: &amp;1</TEXT>
    </item>
    <item>
     <SPRSL>J</SPRSL>
     <MSGNR>018</MSGNR>
     <TEXT>ファイル削除完了 &amp;1 &amp;2</TEXT>
    </item>
    <item>
     <SPRSL>J</SPRSL>
     <MSGNR>019</MSGNR>
     <TEXT>対象エラーファイルはリカバリー実行済みです。結果をダウンロードしてください。</TEXT>
    </item>
    <item>
     <SPRSL>J</SPRSL>
     <MSGNR>020</MSGNR>
     <TEXT>エラーファイルが再作成されました。&amp;1</TEXT>
    </item>
    <item>
     <SPRSL>J</SPRSL>
     <MSGNR>021</MSGNR>
     <TEXT>エラーファイル再作成対象データがありません。</TEXT>
    </item>
    <item>
     <SPRSL>J</SPRSL>
     <MSGNR>022</MSGNR>
     <TEXT>日付項目フォーマットエラー &amp;1 &amp;2 &amp;3</TEXT>
    </item>
    <item>
     <SPRSL>J</SPRSL>
     <MSGNR>023</MSGNR>
     <TEXT>数値項目フォーマットエラー &amp;1 &amp;2 &amp;3</TEXT>
    </item>
    <item>
     <SPRSL>J</SPRSL>
     <MSGNR>024</MSGNR>
     <TEXT>金額項目フォーマットエラー &amp;1 &amp;2 &amp;3</TEXT>
    </item>
    <item>
     <SPRSL>J</SPRSL>
     <MSGNR>025</MSGNR>
     <TEXT>ファイルをサーバーフォルダー間に移動できません。</TEXT>
    </item>
    <item>
     <SPRSL>J</SPRSL>
     <MSGNR>026</MSGNR>
     <TEXT>ファイルアップロードエラー</TEXT>
    </item>
    <item>
     <SPRSL>J</SPRSL>
     <MSGNR>027</MSGNR>
     <TEXT>ファイル&amp; バイト転送されました。</TEXT>
    </item>
    <item>
     <SPRSL>J</SPRSL>
     <MSGNR>028</MSGNR>
     <TEXT>ファイルをPCフォルダー間に移動できません。</TEXT>
    </item>
    <item>
     <SPRSL>J</SPRSL>
     <MSGNR>029</MSGNR>
     <TEXT>処理対象ファイルを選択してください。</TEXT>
    </item>
    <item>
     <SPRSL>J</SPRSL>
     <MSGNR>030</MSGNR>
     <TEXT>ファイルが削除されます。もう一度確認してください。</TEXT>
    </item>
    <item>
     <SPRSL>J</SPRSL>
     <MSGNR>031</MSGNR>
     <TEXT>ファイル削除処理がキャンセルされました。</TEXT>
    </item>
    <item>
     <SPRSL>J</SPRSL>
     <MSGNR>032</MSGNR>
     <TEXT>ファイルが上書きされました。</TEXT>
    </item>
    <item>
     <SPRSL>J</SPRSL>
     <MSGNR>033</MSGNR>
     <TEXT>ファイル削除処理が失敗しました。</TEXT>
    </item>
    <item>
     <SPRSL>J</SPRSL>
     <MSGNR>034</MSGNR>
     <TEXT>ローカルファイルをダウンロードできません</TEXT>
    </item>
    <item>
     <SPRSL>J</SPRSL>
     <MSGNR>035</MSGNR>
     <TEXT>サーバーフォルダーの読み込みエラー</TEXT>
    </item>
    <item>
     <SPRSL>J</SPRSL>
     <MSGNR>036</MSGNR>
     <TEXT>PCフォルダーの読み込みエラー</TEXT>
    </item>
    <item>
     <SPRSL>J</SPRSL>
     <MSGNR>037</MSGNR>
     <TEXT>選択されたファイルがすべて削除されます。再度確認してください。</TEXT>
    </item>
    <item>
     <SPRSL>J</SPRSL>
     <MSGNR>038</MSGNR>
     <TEXT>再実行処理のみオンライン処理が可能です。</TEXT>
    </item>
    <item>
     <SPRSL>J</SPRSL>
     <MSGNR>039</MSGNR>
     <TEXT>ファイル出力 &amp;1 &amp;2</TEXT>
    </item>
    <item>
     <SPRSL>J</SPRSL>
     <MSGNR>040</MSGNR>
     <TEXT>エラーリカバリー結果が削除されます。実行結果をダウンロードしてください。</TEXT>
    </item>
    <item>
     <SPRSL>J</SPRSL>
     <MSGNR>998</MSGNR>
     <TEXT>&amp;1 処理は正常に終了しました。</TEXT>
    </item>
    <item>
     <SPRSL>J</SPRSL>
     <MSGNR>999</MSGNR>
     <TEXT>&amp;1 処理にエラーが発生しました。処理ログを確認してください。</TEXT>
    </item>
   </T100_TEXTS>
  </asx:values>
 </asx:abap>
</abapGit>
