﻿<?xml version="1.0" encoding="utf-8"?>
<abapGit version="v1.0.0" serializer="LCL_OBJECT_PROG" serializer_version="v1.0.0">
 <asx:abap xmlns:asx="http://www.sap.com/abapxml" version="1.0">
  <asx:values>
   <PROGDIR>
    <NAME>ZIFR0040</NAME>
    <SUBC>1</SUBC>
    <RLOAD>J</RLOAD>
    <FIXPT>X</FIXPT>
    <UCCHECK>X</UCCHECK>
   </PROGDIR>
   <I18N_TPOOL>
    <item>
     <LANGUAGE>J</LANGUAGE>
     <TEXTPOOL>
      <item>
       <ID>I</ID>
       <KEY>H01</KEY>
       <ENTRY>ファイル名</ENTRY>
       <LENGTH>15</LENGTH>
      </item>
      <item>
       <ID>I</ID>
       <KEY>H02</KEY>
       <ENTRY>アイコン</ENTRY>
       <LENGTH>14</LENGTH>
      </item>
      <item>
       <ID>I</ID>
       <KEY>H03</KEY>
       <ENTRY>ディレクトリ名</ENTRY>
       <LENGTH>17</LENGTH>
      </item>
      <item>
       <ID>I</ID>
       <KEY>H04</KEY>
       <ENTRY>エントリタイプ</ENTRY>
       <LENGTH>17</LENGTH>
      </item>
      <item>
       <ID>I</ID>
       <KEY>H05</KEY>
       <ENTRY>サイズ</ENTRY>
       <LENGTH>13</LENGTH>
      </item>
      <item>
       <ID>I</ID>
       <KEY>H06</KEY>
       <ENTRY>エントリ所有者</ENTRY>
       <LENGTH>17</LENGTH>
      </item>
      <item>
       <ID>I</ID>
       <KEY>H07</KEY>
       <ENTRY>最終修正日</ENTRY>
       <LENGTH>15</LENGTH>
      </item>
      <item>
       <ID>I</ID>
       <KEY>H08</KEY>
       <ENTRY>権限</ENTRY>
       <LENGTH>12</LENGTH>
      </item>
      <item>
       <ID>I</ID>
       <KEY>H09</KEY>
       <ENTRY>エラー番号</ENTRY>
       <LENGTH>15</LENGTH>
      </item>
      <item>
       <ID>I</ID>
       <KEY>H10</KEY>
       <ENTRY>エラー内容</ENTRY>
       <LENGTH>15</LENGTH>
      </item>
      <item>
       <ID>I</ID>
       <KEY>H11</KEY>
       <ENTRY>更新日</ENTRY>
       <LENGTH>13</LENGTH>
      </item>
      <item>
       <ID>I</ID>
       <KEY>H12</KEY>
       <ENTRY>更新時間</ENTRY>
       <LENGTH>14</LENGTH>
      </item>
      <item>
       <ID>I</ID>
       <KEY>M01</KEY>
       <ENTRY>ファイルオープンに失敗しました</ENTRY>
       <LENGTH>25</LENGTH>
      </item>
      <item>
       <ID>I</ID>
       <KEY>M02</KEY>
       <ENTRY>サーバーファイル → サーバー へはドラッグ出来ません</ENTRY>
       <LENGTH>54</LENGTH>
      </item>
      <item>
       <ID>I</ID>
       <KEY>M03</KEY>
       <ENTRY>GUI_UPLOADに失敗しました</ENTRY>
       <LENGTH>27</LENGTH>
      </item>
      <item>
       <ID>I</ID>
       <KEY>M04</KEY>
       <ENTRY>バイト転送されました</ENTRY>
       <LENGTH>20</LENGTH>
      </item>
      <item>
       <ID>I</ID>
       <KEY>M05</KEY>
       <ENTRY>ローカルファイル → ローカル へはドラッグ出来ません</ENTRY>
       <LENGTH>54</LENGTH>
      </item>
      <item>
       <ID>I</ID>
       <KEY>M06</KEY>
       <ENTRY>処理対象ファイルを選択して下さい</ENTRY>
       <LENGTH>26</LENGTH>
      </item>
      <item>
       <ID>I</ID>
       <KEY>M07</KEY>
       <ENTRY>ローカルファイルはダウンロードされません</ENTRY>
       <LENGTH>40</LENGTH>
      </item>
      <item>
       <ID>I</ID>
       <KEY>M09</KEY>
       <ENTRY>処理対象ファイルを削除しますか？</ENTRY>
       <LENGTH>26</LENGTH>
      </item>
      <item>
       <ID>I</ID>
       <KEY>M10</KEY>
       <ENTRY>削除処理がキャンセルされました</ENTRY>
       <LENGTH>25</LENGTH>
      </item>
      <item>
       <ID>I</ID>
       <KEY>M11</KEY>
       <ENTRY>の削除に失敗しました</ENTRY>
       <LENGTH>20</LENGTH>
      </item>
      <item>
       <ID>I</ID>
       <KEY>M12</KEY>
       <ENTRY>ファイルが上書きされました</ENTRY>
       <LENGTH>23</LENGTH>
      </item>
      <item>
       <ID>I</ID>
       <KEY>M13</KEY>
       <ENTRY>サーバーディレクトリの読込に失敗しました</ENTRY>
       <LENGTH>40</LENGTH>
      </item>
      <item>
       <ID>I</ID>
       <KEY>M14</KEY>
       <ENTRY>PCディレクトリ情報取得に失敗しました</ENTRY>
       <LENGTH>29</LENGTH>
      </item>
      <item>
       <ID>I</ID>
       <KEY>S01</KEY>
       <ENTRY>処理対象パス</ENTRY>
       <LENGTH>16</LENGTH>
      </item>
      <item>
       <ID>I</ID>
       <KEY>S02</KEY>
       <ENTRY>サーバーパス</ENTRY>
       <LENGTH>16</LENGTH>
      </item>
      <item>
       <ID>I</ID>
       <KEY>S03</KEY>
       <ENTRY>ローカルパス</ENTRY>
       <LENGTH>16</LENGTH>
      </item>
      <item>
       <ID>I</ID>
       <KEY>T01</KEY>
       <ENTRY>ファイル一覧</ENTRY>
       <LENGTH>16</LENGTH>
      </item>
      <item>
       <ID>I</ID>
       <KEY>T02</KEY>
       <ENTRY>ファイル詳細</ENTRY>
       <LENGTH>16</LENGTH>
      </item>
      <item>
       <ID>I</ID>
       <KEY>T03</KEY>
       <ENTRY>対象フォルダー</ENTRY>
       <LENGTH>17</LENGTH>
      </item>
      <item>
       <ID>I</ID>
       <KEY>T04</KEY>
       <ENTRY>ローカルファイル一覧表示中</ENTRY>
       <LENGTH>23</LENGTH>
      </item>
      <item>
       <ID>I</ID>
       <KEY>T05</KEY>
       <ENTRY>サーバーファイル一覧表示中</ENTRY>
       <LENGTH>23</LENGTH>
      </item>
      <item>
       <ID>I</ID>
       <KEY>T06</KEY>
       <ENTRY>ファイル一覧REFRESH</ENTRY>
       <LENGTH>23</LENGTH>
      </item>
      <item>
       <ID>I</ID>
       <KEY>T07</KEY>
       <ENTRY>ファイル削除</ENTRY>
       <LENGTH>16</LENGTH>
      </item>
      <item>
       <ID>I</ID>
       <KEY>T08</KEY>
       <ENTRY>複数ﾌｧｲﾙDownLoad</ENTRY>
       <LENGTH>24</LENGTH>
      </item>
      <item>
       <ID>I</ID>
       <KEY>T09</KEY>
       <ENTRY>TAB区切でExcel出力</ENTRY>
       <LENGTH>23</LENGTH>
      </item>
      <item>
       <ID>I</ID>
       <KEY>T10</KEY>
       <ENTRY>タブ</ENTRY>
       <LENGTH>12</LENGTH>
      </item>
      <item>
       <ID>I</ID>
       <KEY>T11</KEY>
       <ENTRY>カンマ区切でExcel出力</ENTRY>
       <LENGTH>23</LENGTH>
      </item>
      <item>
       <ID>I</ID>
       <KEY>T12</KEY>
       <ENTRY>カンマ</ENTRY>
       <LENGTH>13</LENGTH>
      </item>
      <item>
       <ID>I</ID>
       <KEY>T13</KEY>
       <ENTRY>ファイル修正</ENTRY>
       <LENGTH>16</LENGTH>
      </item>
      <item>
       <ID>I</ID>
       <KEY>T14</KEY>
       <ENTRY>Other Directory</ENTRY>
       <LENGTH>25</LENGTH>
      </item>
      <item>
       <ID>I</ID>
       <KEY>T15</KEY>
       <ENTRY>PDF</ENTRY>
       <LENGTH>13</LENGTH>
      </item>
      <item>
       <ID>R</ID>
       <ENTRY>Files Manager</ENTRY>
       <LENGTH>13</LENGTH>
      </item>
     </TEXTPOOL>
    </item>
   </I18N_TPOOL>
  </asx:values>
 </asx:abap>
</abapGit>
