﻿<?xml version="1.0" encoding="utf-8"?>
<abapGit version="v1.0.0" serializer="LCL_OBJECT_PROG" serializer_version="v1.0.0">
 <asx:abap xmlns:asx="http://www.sap.com/abapxml" version="1.0">
  <asx:values>
   <PROGDIR>
    <NAME>ZIFR0000</NAME>
    <SUBC>1</SUBC>
    <RLOAD>J</RLOAD>
    <FIXPT>X</FIXPT>
    <UCCHECK>X</UCCHECK>
   </PROGDIR>
   <CUA>
    <ADM>
     <ACTCODE>000004</ACTCODE>
     <MENCODE>000031</MENCODE>
     <PFKCODE>000004</PFKCODE>
    </ADM>
    <STA>
     <RSMPE_STAT>
      <CODE>9000</CODE>
      <MODAL>D</MODAL>
      <ACTCODE>000003</ACTCODE>
      <PFKCODE>000003</PFKCODE>
      <BUTCODE>0001</BUTCODE>
      <INT_NOTE>Standard für allgemeine Listausgabe im Fullscreen Grid</INT_NOTE>
     </RSMPE_STAT>
     <RSMPE_STAT>
      <CODE>9100</CODE>
      <MODAL>D</MODAL>
      <ACTCODE>000004</ACTCODE>
      <PFKCODE>000004</PFKCODE>
      <BUTCODE>0001</BUTCODE>
      <INT_NOTE>9100</INT_NOTE>
     </RSMPE_STAT>
    </STA>
    <FUN>
     <RSMPE_FUNT>
      <CODE>%ML</CODE>
      <TEXTNO>001</TEXTNO>
      <TEXT_TYPE>S</TEXT_TYPE>
      <FUN_TEXT>フォルダ</FUN_TEXT>
      <PATH>F</PATH>
     </RSMPE_FUNT>
     <RSMPE_FUNT>
      <CODE>%PC</CODE>
      <TEXTNO>001</TEXTNO>
      <TEXT_TYPE>S</TEXT_TYPE>
      <TEXT_NAME>ICON_EXPORT</TEXT_NAME>
      <ICON_ID>@49@</ICON_ID>
      <FUN_TEXT>ローカルファイル...</FUN_TEXT>
      <PATH>L</PATH>
     </RSMPE_FUNT>
     <RSMPE_FUNT>
      <CODE>%SC</CODE>
      <TEXTNO>001</TEXTNO>
      <TEXT_TYPE>S</TEXT_TYPE>
      <TEXT_NAME>ICON_SEARCH</TEXT_NAME>
      <ICON_ID>@13@</ICON_ID>
      <FUN_TEXT>検索</FUN_TEXT>
      <PATH>E</PATH>
     </RSMPE_FUNT>
     <RSMPE_FUNT>
      <CODE>%SC+</CODE>
      <TEXTNO>001</TEXTNO>
      <TEXT_TYPE>S</TEXT_TYPE>
      <TEXT_NAME>ICON_SEARCH_NEXT</TEXT_NAME>
      <ICON_ID>@4E@</ICON_ID>
      <FUN_TEXT>検索続行</FUN_TEXT>
     </RSMPE_FUNT>
     <RSMPE_FUNT>
      <CODE>%SL</CODE>
      <TEXTNO>001</TEXTNO>
      <TEXT_TYPE>S</TEXT_TYPE>
      <TEXT_NAME>ICON_MAIL</TEXT_NAME>
      <ICON_ID>@1S@</ICON_ID>
      <FUN_TEXT>メール受信者</FUN_TEXT>
      <PATH>M</PATH>
     </RSMPE_FUNT>
     <RSMPE_FUNT>
      <CODE>&amp;ABC</CODE>
      <TEXTNO>001</TEXTNO>
      <TEXT_TYPE>S</TEXT_TYPE>
      <TEXT_NAME>ICON_ABC</TEXT_NAME>
      <ICON_ID>@DL@</ICON_ID>
      <FUN_TEXT>ABC 分析</FUN_TEXT>
      <PATH>A</PATH>
     </RSMPE_FUNT>
     <RSMPE_FUNT>
      <CODE>&amp;ALL</CODE>
      <TEXTNO>001</TEXTNO>
      <TEXT_TYPE>S</TEXT_TYPE>
      <TEXT_NAME>ICON_SELECT_ALL</TEXT_NAME>
      <ICON_ID>@4B@</ICON_ID>
      <FUN_TEXT>全選択</FUN_TEXT>
      <PATH>S</PATH>
     </RSMPE_FUNT>
     <RSMPE_FUNT>
      <CODE>&amp;AQW</CODE>
      <TEXTNO>001</TEXTNO>
      <TEXT_TYPE>S</TEXT_TYPE>
      <TEXT_NAME>ICON_WORD_PROCESSING</TEXT_NAME>
      <ICON_ID>@DK@</ICON_ID>
      <FUN_TEXT>ワードプロセッサ...</FUN_TEXT>
      <PATH>W</PATH>
     </RSMPE_FUNT>
     <RSMPE_FUNT>
      <CODE>&amp;AUF</CODE>
      <TEXTNO>001</TEXTNO>
      <TEXT_TYPE>S</TEXT_TYPE>
      <FUN_TEXT>合計ドリルダウン定義...</FUN_TEXT>
      <PATH>S</PATH>
     </RSMPE_FUNT>
     <RSMPE_FUNT>
      <CODE>&amp;AVE</CODE>
      <TEXTNO>001</TEXTNO>
      <TEXT_TYPE>S</TEXT_TYPE>
      <FUN_TEXT>保存...</FUN_TEXT>
      <PATH>S</PATH>
     </RSMPE_FUNT>
     <RSMPE_FUNT>
      <CODE>&amp;AVE</CODE>
      <TEXTNO>002</TEXTNO>
      <TEXT_TYPE>S</TEXT_TYPE>
      <TEXT_NAME>ICON_ALV_VARIANT_SAVE</TEXT_NAME>
      <ICON_ID>@DN@</ICON_ID>
      <FUN_TEXT>レイアウト保存...</FUN_TEXT>
     </RSMPE_FUNT>
     <RSMPE_FUNT>
      <CODE>&amp;AVR</CODE>
      <TEXTNO>001</TEXTNO>
      <TEXT_TYPE>S</TEXT_TYPE>
      <FUN_TEXT>平均値</FUN_TEXT>
      <PATH>M</PATH>
     </RSMPE_FUNT>
     <RSMPE_FUNT>
      <CODE>&amp;CDF</CODE>
      <TEXTNO>001</TEXTNO>
      <TEXT_TYPE>S</TEXT_TYPE>
      <FUN_TEXT>列固定解除</FUN_TEXT>
      <PATH>U</PATH>
     </RSMPE_FUNT>
     <RSMPE_FUNT>
      <CODE>&amp;CFI</CODE>
      <TEXTNO>001</TEXTNO>
      <TEXT_TYPE>S</TEXT_TYPE>
      <FUN_TEXT>列固定</FUN_TEXT>
      <PATH>F</PATH>
     </RSMPE_FUNT>
     <RSMPE_FUNT>
      <CODE>&amp;COUNT</CODE>
      <TEXTNO>001</TEXTNO>
      <TEXT_TYPE>S</TEXT_TYPE>
      <FUN_TEXT>カウント</FUN_TEXT>
      <PATH>C</PATH>
     </RSMPE_FUNT>
     <RSMPE_FUNT>
      <CODE>&amp;CRB</CODE>
      <TEXTNO>001</TEXTNO>
      <TEXT_TYPE>S</TEXT_TYPE>
      <TEXT_NAME>ICON_TOTAL_LEFT</TEXT_NAME>
      <ICON_ID>@0B@</ICON_ID>
      <FUN_TEXT>第一列</FUN_TEXT>
     </RSMPE_FUNT>
     <RSMPE_FUNT>
      <CODE>&amp;CRDESIG</CODE>
      <TEXTNO>001</TEXTNO>
      <TEXT_TYPE>S</TEXT_TYPE>
      <FUN_TEXT>Crystal Reports Designer</FUN_TEXT>
      <PATH>C</PATH>
     </RSMPE_FUNT>
     <RSMPE_FUNT>
      <CODE>&amp;CRE</CODE>
      <TEXTNO>001</TEXTNO>
      <TEXT_TYPE>S</TEXT_TYPE>
      <TEXT_NAME>ICON_TOTAL_RIGHT</TEXT_NAME>
      <ICON_ID>@0C@</ICON_ID>
      <FUN_TEXT>最終列</FUN_TEXT>
     </RSMPE_FUNT>
     <RSMPE_FUNT>
      <CODE>&amp;CRL</CODE>
      <TEXTNO>001</TEXTNO>
      <TEXT_TYPE>S</TEXT_TYPE>
      <TEXT_NAME>ICON_COLUMN_LEFT</TEXT_NAME>
      <ICON_ID>@0D@</ICON_ID>
      <FUN_TEXT>左列</FUN_TEXT>
     </RSMPE_FUNT>
     <RSMPE_FUNT>
      <CODE>&amp;CRR</CODE>
      <TEXTNO>001</TEXTNO>
      <TEXT_TYPE>S</TEXT_TYPE>
      <TEXT_NAME>ICON_COLUMN_RIGHT</TEXT_NAME>
      <ICON_ID>@0E@</ICON_ID>
      <FUN_TEXT>右列</FUN_TEXT>
     </RSMPE_FUNT>
     <RSMPE_FUNT>
      <CODE>&amp;CRTEMPL</CODE>
      <TEXTNO>001</TEXTNO>
      <TEXT_TYPE>S</TEXT_TYPE>
      <FUN_TEXT>Crystal Reports ファイル</FUN_TEXT>
      <PATH>C</PATH>
     </RSMPE_FUNT>
     <RSMPE_FUNT>
      <CODE>&amp;EB9</CODE>
      <TEXTNO>001</TEXTNO>
      <TEXT_TYPE>S</TEXT_TYPE>
      <TEXT_NAME>ICON_TABLE_SETTINGS</TEXT_NAME>
      <ICON_ID>@36@</ICON_ID>
      <FUN_TEXT>レポート呼出...</FUN_TEXT>
      <PATH>B</PATH>
     </RSMPE_FUNT>
     <RSMPE_FUNT>
      <CODE>&amp;ELP</CODE>
      <TEXTNO>001</TEXTNO>
      <TEXT_TYPE>S</TEXT_TYPE>
      <TEXT_NAME>ICON_SYSTEM_HELP</TEXT_NAME>
      <ICON_ID>@35@</ICON_ID>
      <FUN_TEXT>ヘルプ</FUN_TEXT>
     </RSMPE_FUNT>
     <RSMPE_FUNT>
      <CODE>&amp;ERW</CODE>
      <TEXTNO>001</TEXTNO>
      <TEXT_TYPE>S</TEXT_TYPE>
      <FUN_TEXT>管理...</FUN_TEXT>
      <PATH>A</PATH>
     </RSMPE_FUNT>
     <RSMPE_FUNT>
      <CODE>&amp;ETA</CODE>
      <TEXTNO>001</TEXTNO>
      <TEXT_TYPE>S</TEXT_TYPE>
      <TEXT_NAME>ICON_SELECT_DETAIL</TEXT_NAME>
      <ICON_ID>@16@</ICON_ID>
      <FUN_TEXT>詳細</FUN_TEXT>
     </RSMPE_FUNT>
     <RSMPE_FUNT>
      <CODE>&amp;F03</CODE>
      <TEXTNO>001</TEXTNO>
      <TEXT_TYPE>S</TEXT_TYPE>
      <FUN_TEXT>前画面</FUN_TEXT>
      <PATH>B</PATH>
     </RSMPE_FUNT>
     <RSMPE_FUNT>
      <CODE>&amp;F12</CODE>
      <TEXTNO>001</TEXTNO>
      <TEXT_TYPE>S</TEXT_TYPE>
      <TEXT_NAME>ICON_CANCEL</TEXT_NAME>
      <ICON_ID>@0W@</ICON_ID>
      <FUN_TEXT>中止</FUN_TEXT>
      <PATH>A</PATH>
     </RSMPE_FUNT>
     <RSMPE_FUNT>
      <CODE>&amp;F15</CODE>
      <TEXTNO>001</TEXTNO>
      <TEXT_TYPE>S</TEXT_TYPE>
      <FUN_TEXT>終了</FUN_TEXT>
      <PATH>X</PATH>
     </RSMPE_FUNT>
     <RSMPE_FUNT>
      <CODE>&amp;F4</CODE>
      <TEXTNO>001</TEXTNO>
      <TEXT_TYPE>S</TEXT_TYPE>
      <FUN_TEXT>入力可能値</FUN_TEXT>
     </RSMPE_FUNT>
     <RSMPE_FUNT>
      <CODE>&amp;GRAPH</CODE>
      <TEXTNO>001</TEXTNO>
      <TEXT_TYPE>S</TEXT_TYPE>
      <TEXT_NAME>ICON_GRAPHICS</TEXT_NAME>
      <ICON_ID>@0N@</ICON_ID>
      <FUN_TEXT>グラフィック</FUN_TEXT>
      <PATH>G</PATH>
     </RSMPE_FUNT>
     <RSMPE_FUNT>
      <CODE>&amp;IC1</CODE>
      <TEXTNO>001</TEXTNO>
      <TEXT_TYPE>S</TEXT_TYPE>
      <TEXT_NAME>ICON_SELECT_DETAIL</TEXT_NAME>
      <ICON_ID>@16@</ICON_ID>
      <FUN_TEXT>選択</FUN_TEXT>
     </RSMPE_FUNT>
     <RSMPE_FUNT>
      <CODE>&amp;ILD</CODE>
      <TEXTNO>001</TEXTNO>
      <TEXT_TYPE>S</TEXT_TYPE>
      <FUN_TEXT>フィルタ削除</FUN_TEXT>
      <PATH>L</PATH>
     </RSMPE_FUNT>
     <RSMPE_FUNT>
      <CODE>&amp;ILT</CODE>
      <TEXTNO>001</TEXTNO>
      <TEXT_TYPE>S</TEXT_TYPE>
      <TEXT_NAME>ICON_FILTER</TEXT_NAME>
      <ICON_ID>@4G@</ICON_ID>
      <FUN_TEXT>フィルタ設定</FUN_TEXT>
      <PATH>F</PATH>
     </RSMPE_FUNT>
     <RSMPE_FUNT>
      <CODE>&amp;INFO</CODE>
      <TEXTNO>001</TEXTNO>
      <TEXT_TYPE>S</TEXT_TYPE>
      <TEXT_NAME>ICON_INFORMATION</TEXT_NAME>
      <ICON_ID>@0S@</ICON_ID>
      <FUN_TEXT>情報</FUN_TEXT>
     </RSMPE_FUNT>
     <RSMPE_FUNT>
      <CODE>&amp;MAX</CODE>
      <TEXTNO>001</TEXTNO>
      <TEXT_TYPE>S</TEXT_TYPE>
      <FUN_TEXT>最大</FUN_TEXT>
      <PATH>A</PATH>
     </RSMPE_FUNT>
     <RSMPE_FUNT>
      <CODE>&amp;MIN</CODE>
      <TEXTNO>001</TEXTNO>
      <TEXT_TYPE>S</TEXT_TYPE>
      <FUN_TEXT>最小</FUN_TEXT>
      <PATH>I</PATH>
     </RSMPE_FUNT>
     <RSMPE_FUNT>
      <CODE>&amp;OAD</CODE>
      <TEXTNO>001</TEXTNO>
      <TEXT_TYPE>S</TEXT_TYPE>
      <FUN_TEXT>選択...</FUN_TEXT>
      <PATH>H</PATH>
     </RSMPE_FUNT>
     <RSMPE_FUNT>
      <CODE>&amp;OAD</CODE>
      <TEXTNO>002</TEXTNO>
      <TEXT_TYPE>S</TEXT_TYPE>
      <TEXT_NAME>ICON_ALV_VARIANT_CHOOSE</TEXT_NAME>
      <ICON_ID>@DM@</ICON_ID>
      <FUN_TEXT>レイアウト選択...</FUN_TEXT>
     </RSMPE_FUNT>
     <RSMPE_FUNT>
      <CODE>&amp;ODN</CODE>
      <TEXTNO>001</TEXTNO>
      <TEXT_TYPE>S</TEXT_TYPE>
      <TEXT_NAME>ICON_SORT_DOWN</TEXT_NAME>
      <ICON_ID>@3F@</ICON_ID>
      <FUN_TEXT>降順ソート</FUN_TEXT>
      <PATH>O</PATH>
     </RSMPE_FUNT>
     <RSMPE_FUNT>
      <CODE>&amp;OL0</CODE>
      <TEXTNO>001</TEXTNO>
      <TEXT_TYPE>S</TEXT_TYPE>
      <TEXT_NAME>ICON_ALV_VARIANTS</TEXT_NAME>
      <ICON_ID>@LZ@</ICON_ID>
      <FUN_TEXT>レイアウト変更...</FUN_TEXT>
     </RSMPE_FUNT>
     <RSMPE_FUNT>
      <CODE>&amp;OLX</CODE>
      <TEXTNO>001</TEXTNO>
      <TEXT_TYPE>S</TEXT_TYPE>
      <TEXT_NAME>ICON_VARIANTS</TEXT_NAME>
      <ICON_ID>@0R@</ICON_ID>
      <FUN_TEXT>変更...</FUN_TEXT>
      <PATH>C</PATH>
     </RSMPE_FUNT>
     <RSMPE_FUNT>
      <CODE>&amp;OPT</CODE>
      <TEXTNO>001</TEXTNO>
      <TEXT_TYPE>S</TEXT_TYPE>
      <FUN_TEXT>幅最適化</FUN_TEXT>
      <PATH>P</PATH>
     </RSMPE_FUNT>
     <RSMPE_FUNT>
      <CODE>&amp;OUP</CODE>
      <TEXTNO>001</TEXTNO>
      <TEXT_TYPE>S</TEXT_TYPE>
      <TEXT_NAME>ICON_SORT_UP</TEXT_NAME>
      <ICON_ID>@3E@</ICON_ID>
      <FUN_TEXT>昇順ソート</FUN_TEXT>
      <PATH>I</PATH>
     </RSMPE_FUNT>
     <RSMPE_FUNT>
      <CODE>&amp;RNT</CODE>
      <TEXTNO>001</TEXTNO>
      <TEXT_TYPE>S</TEXT_TYPE>
      <TEXT_NAME>ICON_PRINT</TEXT_NAME>
      <ICON_ID>@0X@</ICON_ID>
      <FUN_TEXT>印刷</FUN_TEXT>
      <PATH>P</PATH>
     </RSMPE_FUNT>
     <RSMPE_FUNT>
      <CODE>&amp;RNT_PREV</CODE>
      <TEXTNO>001</TEXTNO>
      <TEXT_TYPE>S</TEXT_TYPE>
      <TEXT_NAME>ICON_LAYOUT_CONTROL</TEXT_NAME>
      <ICON_ID>@3G@</ICON_ID>
      <FUN_TEXT>印刷プレビュー</FUN_TEXT>
      <PATH>R</PATH>
     </RSMPE_FUNT>
     <RSMPE_FUNT>
      <CODE>&amp;SAL</CODE>
      <TEXTNO>001</TEXTNO>
      <TEXT_TYPE>S</TEXT_TYPE>
      <TEXT_NAME>ICON_DESELECT_ALL</TEXT_NAME>
      <ICON_ID>@4D@</ICON_ID>
      <FUN_TEXT>全選択解除</FUN_TEXT>
      <PATH>D</PATH>
     </RSMPE_FUNT>
     <RSMPE_FUNT>
      <CODE>&amp;SUM</CODE>
      <TEXTNO>001</TEXTNO>
      <TEXT_TYPE>S</TEXT_TYPE>
      <TEXT_NAME>ICON_INTERMEDIATE_SUM</TEXT_NAME>
      <ICON_ID>@5V@</ICON_ID>
      <FUN_TEXT>小計...</FUN_TEXT>
      <PATH>T</PATH>
     </RSMPE_FUNT>
     <RSMPE_FUNT>
      <CODE>&amp;UMC</CODE>
      <TEXTNO>001</TEXTNO>
      <TEXT_TYPE>S</TEXT_TYPE>
      <TEXT_NAME>ICON_SUM</TEXT_NAME>
      <ICON_ID>@3Z@</ICON_ID>
      <FUN_TEXT>合計</FUN_TEXT>
      <PATH>T</PATH>
     </RSMPE_FUNT>
     <RSMPE_FUNT>
      <CODE>&amp;URL</CODE>
      <TEXTNO>001</TEXTNO>
      <TEXT_TYPE>S</TEXT_TYPE>
      <TEXT_NAME>ICON_URL</TEXT_NAME>
      <ICON_ID>@8S@</ICON_ID>
      <FUN_TEXT>URL をクリップボードにコピー</FUN_TEXT>
      <PATH>U</PATH>
     </RSMPE_FUNT>
     <RSMPE_FUNT>
      <CODE>&amp;VCRYSTAL</CODE>
      <TEXTNO>001</TEXTNO>
      <TEXT_TYPE>S</TEXT_TYPE>
      <TEXT_NAME>ICON_REPORT_TEMPLATE</TEXT_NAME>
      <ICON_ID>@QH@</ICON_ID>
      <FUN_TEXT>Crystal Reports</FUN_TEXT>
      <PATH>C</PATH>
     </RSMPE_FUNT>
     <RSMPE_FUNT>
      <CODE>&amp;VCRYSTRAL</CODE>
      <TEXTNO>001</TEXTNO>
      <TEXT_TYPE>S</TEXT_TYPE>
      <TEXT_NAME>ICON_REPORT_TEMPLATE</TEXT_NAME>
      <ICON_ID>@QH@</ICON_ID>
      <FUN_TEXT>Crystal Reports Designer</FUN_TEXT>
     </RSMPE_FUNT>
     <RSMPE_FUNT>
      <CODE>&amp;VEXCEL</CODE>
      <TEXTNO>001</TEXTNO>
      <TEXT_TYPE>S</TEXT_TYPE>
      <TEXT_NAME>ICON_XLS</TEXT_NAME>
      <ICON_ID>@J2@</ICON_ID>
      <FUN_TEXT>Microsoft Excel</FUN_TEXT>
      <PATH>M</PATH>
     </RSMPE_FUNT>
     <RSMPE_FUNT>
      <CODE>&amp;VGRID</CODE>
      <TEXTNO>001</TEXTNO>
      <TEXT_TYPE>S</TEXT_TYPE>
      <TEXT_NAME>ICON_LIST</TEXT_NAME>
      <ICON_ID>@3W@</ICON_ID>
      <FUN_TEXT>SAP リストビューア</FUN_TEXT>
      <PATH>S</PATH>
     </RSMPE_FUNT>
     <RSMPE_FUNT>
      <CODE>&amp;VLOTUS</CODE>
      <TEXTNO>001</TEXTNO>
      <TEXT_TYPE>S</TEXT_TYPE>
      <TEXT_NAME>ICON_LOTUS</TEXT_NAME>
      <ICON_ID>@JD@</ICON_ID>
      <FUN_TEXT>Lotus 1-2-3</FUN_TEXT>
      <PATH>L</PATH>
     </RSMPE_FUNT>
     <RSMPE_FUNT>
      <CODE>&amp;XINT</CODE>
      <TEXTNO>001</TEXTNO>
      <TEXT_TYPE>S</TEXT_TYPE>
      <FUN_TEXT>拡張 SAP クエリリポジトリ</FUN_TEXT>
      <PATH>E</PATH>
     </RSMPE_FUNT>
     <RSMPE_FUNT>
      <CODE>&amp;XML</CODE>
      <TEXTNO>001</TEXTNO>
      <TEXT_TYPE>S</TEXT_TYPE>
      <FUN_TEXT>XML エクスポート</FUN_TEXT>
      <PATH>X</PATH>
     </RSMPE_FUNT>
     <RSMPE_FUNT>
      <CODE>&amp;XXL</CODE>
      <TEXTNO>001</TEXTNO>
      <TEXT_TYPE>S</TEXT_TYPE>
      <TEXT_NAME>ICON_XXL</TEXT_NAME>
      <ICON_ID>@DJ@</ICON_ID>
      <FUN_TEXT>スプレッドシート...</FUN_TEXT>
      <PATH>A</PATH>
     </RSMPE_FUNT>
     <RSMPE_FUNT>
      <CODE>BACK</CODE>
      <TEXTNO>001</TEXTNO>
      <TEXT_TYPE>S</TEXT_TYPE>
      <FUN_TEXT>前画面</FUN_TEXT>
      <PATH>B</PATH>
     </RSMPE_FUNT>
     <RSMPE_FUNT>
      <CODE>BK</CODE>
      <TEXTNO>001</TEXTNO>
      <TEXT_TYPE>S</TEXT_TYPE>
      <FUN_TEXT>前画面</FUN_TEXT>
      <PATH>B</PATH>
     </RSMPE_FUNT>
     <RSMPE_FUNT>
      <CODE>CANC</CODE>
      <TEXTNO>001</TEXTNO>
      <TEXT_TYPE>S</TEXT_TYPE>
      <FUN_TEXT>終了</FUN_TEXT>
     </RSMPE_FUNT>
     <RSMPE_FUNT>
      <CODE>CANC</CODE>
      <TEXTNO>002</TEXTNO>
      <TEXT_TYPE>S</TEXT_TYPE>
      <TEXT_NAME>ICON_CANCEL</TEXT_NAME>
      <ICON_ID>@0W@</ICON_ID>
      <FUN_TEXT>中止</FUN_TEXT>
     </RSMPE_FUNT>
     <RSMPE_FUNT>
      <CODE>DELETE</CODE>
      <TEXTNO>001</TEXTNO>
      <TEXT_TYPE>S</TEXT_TYPE>
      <TEXT_NAME>ICON_DELETE</TEXT_NAME>
      <ICON_ID>@11@</ICON_ID>
      <FUN_TEXT>ファイル削除</FUN_TEXT>
      <ICON_TEXT>ファイル削除</ICON_TEXT>
     </RSMPE_FUNT>
     <RSMPE_FUNT>
      <CODE>EDIT</CODE>
      <TEXTNO>001</TEXTNO>
      <TEXT_TYPE>S</TEXT_TYPE>
      <TEXT_NAME>ICON_EDIT_FILE</TEXT_NAME>
      <ICON_ID>@HL@</ICON_ID>
      <FUN_TEXT>ファイル変更</FUN_TEXT>
     </RSMPE_FUNT>
     <RSMPE_FUNT>
      <CODE>EXIT</CODE>
      <TEXTNO>001</TEXTNO>
      <TEXT_TYPE>S</TEXT_TYPE>
      <FUN_TEXT>終了</FUN_TEXT>
     </RSMPE_FUNT>
     <RSMPE_FUNT>
      <CODE>MYFUNCTION</CODE>
      <TEXTNO>001</TEXTNO>
      <TEXT_TYPE>S</TEXT_TYPE>
      <TEXT_NAME>ICON_COMPLETE</TEXT_NAME>
      <ICON_ID>@DF@</ICON_ID>
      <FUN_TEXT>My 機能</FUN_TEXT>
      <ICON_TEXT>My 機能</ICON_TEXT>
      <INFO_TEXT>My 機能</INFO_TEXT>
     </RSMPE_FUNT>
     <RSMPE_FUNT>
      <CODE>POST</CODE>
      <TEXTNO>001</TEXTNO>
      <TEXT_TYPE>S</TEXT_TYPE>
      <TEXT_NAME>ICON_GENERATE</TEXT_NAME>
      <ICON_ID>@39@</ICON_ID>
      <FUN_TEXT>POST</FUN_TEXT>
      <ICON_TEXT>登録</ICON_TEXT>
     </RSMPE_FUNT>
     <RSMPE_FUNT>
      <CODE>REFILE</CODE>
      <TEXTNO>001</TEXTNO>
      <TEXT_TYPE>S</TEXT_TYPE>
      <TEXT_NAME>ICON_GENERATE</TEXT_NAME>
      <ICON_ID>@39@</ICON_ID>
      <FUN_TEXT>エラーファイル生成</FUN_TEXT>
     </RSMPE_FUNT>
     <RSMPE_FUNT>
      <CODE>REFRESH</CODE>
      <TEXTNO>001</TEXTNO>
      <TEXT_TYPE>S</TEXT_TYPE>
      <TEXT_NAME>ICON_REFRESH</TEXT_NAME>
      <ICON_ID>@42@</ICON_ID>
      <FUN_TEXT>リフレッシュ</FUN_TEXT>
     </RSMPE_FUNT>
    </FUN>
    <MEN>
     <RSMPE_MEN>
      <CODE>000021</CODE>
      <NO>01</NO>
      <REF_TYPE>F</REF_TYPE>
      <REF_CODE>&amp;F15</REF_CODE>
      <REF_NO>001</REF_NO>
     </RSMPE_MEN>
     <RSMPE_MEN>
      <CODE>000022</CODE>
      <NO>01</NO>
      <REF_TYPE>F</REF_TYPE>
      <REF_CODE>&amp;AQW</REF_CODE>
      <REF_NO>001</REF_NO>
     </RSMPE_MEN>
     <RSMPE_MEN>
      <CODE>000022</CODE>
      <NO>02</NO>
      <REF_TYPE>F</REF_TYPE>
      <REF_CODE>&amp;XXL</REF_CODE>
      <REF_NO>001</REF_NO>
     </RSMPE_MEN>
     <RSMPE_MEN>
      <CODE>000022</CODE>
      <NO>03</NO>
      <REF_TYPE>F</REF_TYPE>
      <REF_CODE>%PC</REF_CODE>
      <REF_NO>001</REF_NO>
     </RSMPE_MEN>
     <RSMPE_MEN>
      <CODE>000022</CODE>
      <NO>04</NO>
      <REF_TYPE>F</REF_TYPE>
      <REF_CODE>&amp;XINT</REF_CODE>
      <REF_NO>001</REF_NO>
     </RSMPE_MEN>
     <RSMPE_MEN>
      <CODE>000022</CODE>
      <NO>05</NO>
      <REF_TYPE>F</REF_TYPE>
      <REF_CODE>&amp;CRTEMPL</REF_CODE>
      <REF_NO>001</REF_NO>
     </RSMPE_MEN>
     <RSMPE_MEN>
      <CODE>000022</CODE>
      <NO>06</NO>
      <REF_TYPE>F</REF_TYPE>
      <REF_CODE>&amp;URL</REF_CODE>
      <REF_NO>001</REF_NO>
     </RSMPE_MEN>
     <RSMPE_MEN>
      <CODE>000022</CODE>
      <NO>07</NO>
      <REF_TYPE>F</REF_TYPE>
      <REF_CODE>&amp;XML</REF_CODE>
      <REF_NO>001</REF_NO>
     </RSMPE_MEN>
     <RSMPE_MEN>
      <CODE>000023</CODE>
      <NO>01</NO>
      <REF_TYPE>F</REF_TYPE>
      <REF_CODE>%SL</REF_CODE>
      <REF_NO>001</REF_NO>
     </RSMPE_MEN>
     <RSMPE_MEN>
      <CODE>000023</CODE>
      <NO>02</NO>
      <REF_TYPE>F</REF_TYPE>
      <REF_CODE>%ML</REF_CODE>
      <REF_NO>001</REF_NO>
     </RSMPE_MEN>
     <RSMPE_MEN>
      <CODE>000024</CODE>
      <NO>01</NO>
      <REF_TYPE>F</REF_TYPE>
      <REF_CODE>&amp;ALL</REF_CODE>
      <REF_NO>001</REF_NO>
     </RSMPE_MEN>
     <RSMPE_MEN>
      <CODE>000024</CODE>
      <NO>02</NO>
      <REF_TYPE>F</REF_TYPE>
      <REF_CODE>&amp;SAL</REF_CODE>
      <REF_NO>001</REF_NO>
     </RSMPE_MEN>
     <RSMPE_MEN>
      <CODE>000024</CODE>
      <NO>03</NO>
      <REF_TYPE>S</REF_TYPE>
     </RSMPE_MEN>
     <RSMPE_MEN>
      <CODE>000024</CODE>
      <NO>04</NO>
      <REF_TYPE>F</REF_TYPE>
      <REF_CODE>&amp;ILT</REF_CODE>
      <REF_NO>001</REF_NO>
     </RSMPE_MEN>
     <RSMPE_MEN>
      <CODE>000024</CODE>
      <NO>05</NO>
      <REF_TYPE>F</REF_TYPE>
      <REF_CODE>&amp;ILD</REF_CODE>
      <REF_NO>001</REF_NO>
     </RSMPE_MEN>
     <RSMPE_MEN>
      <CODE>000024</CODE>
      <NO>06</NO>
      <REF_TYPE>S</REF_TYPE>
     </RSMPE_MEN>
     <RSMPE_MEN>
      <CODE>000024</CODE>
      <NO>07</NO>
      <REF_TYPE>F</REF_TYPE>
      <REF_CODE>&amp;OUP</REF_CODE>
      <REF_NO>001</REF_NO>
     </RSMPE_MEN>
     <RSMPE_MEN>
      <CODE>000024</CODE>
      <NO>08</NO>
      <REF_TYPE>F</REF_TYPE>
      <REF_CODE>&amp;ODN</REF_CODE>
      <REF_NO>001</REF_NO>
     </RSMPE_MEN>
     <RSMPE_MEN>
      <CODE>000024</CODE>
      <NO>09</NO>
      <REF_TYPE>S</REF_TYPE>
     </RSMPE_MEN>
     <RSMPE_MEN>
      <CODE>000024</CODE>
      <NO>10</NO>
      <REF_TYPE>F</REF_TYPE>
      <REF_CODE>%SC</REF_CODE>
      <REF_NO>001</REF_NO>
     </RSMPE_MEN>
     <RSMPE_MEN>
      <CODE>000024</CODE>
      <NO>11</NO>
      <REF_TYPE>S</REF_TYPE>
     </RSMPE_MEN>
     <RSMPE_MEN>
      <CODE>000024</CODE>
      <NO>12</NO>
      <REF_TYPE>F</REF_TYPE>
      <REF_CODE>&amp;F12</REF_CODE>
      <REF_NO>001</REF_NO>
     </RSMPE_MEN>
     <RSMPE_MEN>
      <CODE>000025</CODE>
      <NO>01</NO>
      <REF_TYPE>F</REF_TYPE>
      <REF_CODE>&amp;UMC</REF_CODE>
      <REF_NO>001</REF_NO>
     </RSMPE_MEN>
     <RSMPE_MEN>
      <CODE>000025</CODE>
      <NO>02</NO>
      <REF_TYPE>F</REF_TYPE>
      <REF_CODE>&amp;AVR</REF_CODE>
      <REF_NO>001</REF_NO>
     </RSMPE_MEN>
     <RSMPE_MEN>
      <CODE>000025</CODE>
      <NO>03</NO>
      <REF_TYPE>F</REF_TYPE>
      <REF_CODE>&amp;MIN</REF_CODE>
      <REF_NO>001</REF_NO>
     </RSMPE_MEN>
     <RSMPE_MEN>
      <CODE>000025</CODE>
      <NO>04</NO>
      <REF_TYPE>F</REF_TYPE>
      <REF_CODE>&amp;MAX</REF_CODE>
      <REF_NO>001</REF_NO>
     </RSMPE_MEN>
     <RSMPE_MEN>
      <CODE>000025</CODE>
      <NO>05</NO>
      <REF_TYPE>F</REF_TYPE>
      <REF_CODE>&amp;COUNT</REF_CODE>
      <REF_NO>001</REF_NO>
     </RSMPE_MEN>
     <RSMPE_MEN>
      <CODE>000026</CODE>
      <NO>01</NO>
      <REF_TYPE>F</REF_TYPE>
      <REF_CODE>BK</REF_CODE>
      <REF_NO>001</REF_NO>
     </RSMPE_MEN>
     <RSMPE_MEN>
      <CODE>000027</CODE>
      <NO>01</NO>
      <REF_TYPE>M</REF_TYPE>
      <REF_CODE>000028</REF_CODE>
     </RSMPE_MEN>
     <RSMPE_MEN>
      <CODE>000027</CODE>
      <NO>02</NO>
      <REF_TYPE>M</REF_TYPE>
      <REF_CODE>000029</REF_CODE>
     </RSMPE_MEN>
     <RSMPE_MEN>
      <CODE>000028</CODE>
      <NO>01</NO>
      <REF_TYPE>F</REF_TYPE>
      <REF_CODE>&amp;OLX</REF_CODE>
      <REF_NO>001</REF_NO>
     </RSMPE_MEN>
     <RSMPE_MEN>
      <CODE>000028</CODE>
      <NO>02</NO>
      <REF_TYPE>F</REF_TYPE>
      <REF_CODE>&amp;OAD</REF_CODE>
      <REF_NO>001</REF_NO>
     </RSMPE_MEN>
     <RSMPE_MEN>
      <CODE>000028</CODE>
      <NO>03</NO>
      <REF_TYPE>S</REF_TYPE>
     </RSMPE_MEN>
     <RSMPE_MEN>
      <CODE>000028</CODE>
      <NO>04</NO>
      <REF_TYPE>F</REF_TYPE>
      <REF_CODE>&amp;AVE</REF_CODE>
      <REF_NO>001</REF_NO>
     </RSMPE_MEN>
     <RSMPE_MEN>
      <CODE>000028</CODE>
      <NO>05</NO>
      <REF_TYPE>S</REF_TYPE>
     </RSMPE_MEN>
     <RSMPE_MEN>
      <CODE>000028</CODE>
      <NO>06</NO>
      <REF_TYPE>F</REF_TYPE>
      <REF_CODE>&amp;ERW</REF_CODE>
      <REF_NO>001</REF_NO>
     </RSMPE_MEN>
     <RSMPE_MEN>
      <CODE>000029</CODE>
      <NO>01</NO>
      <REF_TYPE>F</REF_TYPE>
      <REF_CODE>&amp;OPT</REF_CODE>
      <REF_NO>001</REF_NO>
     </RSMPE_MEN>
     <RSMPE_MEN>
      <CODE>000029</CODE>
      <NO>02</NO>
      <REF_TYPE>S</REF_TYPE>
     </RSMPE_MEN>
     <RSMPE_MEN>
      <CODE>000029</CODE>
      <NO>03</NO>
      <REF_TYPE>F</REF_TYPE>
      <REF_CODE>&amp;CFI</REF_CODE>
      <REF_NO>001</REF_NO>
     </RSMPE_MEN>
     <RSMPE_MEN>
      <CODE>000029</CODE>
      <NO>04</NO>
      <REF_TYPE>F</REF_TYPE>
      <REF_CODE>&amp;CDF</REF_CODE>
      <REF_NO>001</REF_NO>
     </RSMPE_MEN>
    </MEN>
    <MTX>
     <RSMPE_MNLT>
      <CODE>000021</CODE>
      <TEXT_TYPE>S</TEXT_TYPE>
      <TEXT>一覧</TEXT>
      <PATH>L</PATH>
      <INT_NOTE>SALV_TABLE_STATUS Liste</INT_NOTE>
     </RSMPE_MNLT>
     <RSMPE_MNLT>
      <CODE>000022</CODE>
      <TEXT_TYPE>S</TEXT_TYPE>
      <TEXT>エクスポート</TEXT>
      <PATH>E</PATH>
      <INT_NOTE>STANDARD Sichern</INT_NOTE>
     </RSMPE_MNLT>
     <RSMPE_MNLT>
      <CODE>000023</CODE>
      <TEXT_TYPE>S</TEXT_TYPE>
      <TEXT>送信先</TEXT>
      <PATH>S</PATH>
     </RSMPE_MNLT>
     <RSMPE_MNLT>
      <CODE>000024</CODE>
      <TEXT_TYPE>S</TEXT_TYPE>
      <TEXT>編集</TEXT>
      <PATH>E</PATH>
      <INT_NOTE>標準</INT_NOTE>
     </RSMPE_MNLT>
     <RSMPE_MNLT>
      <CODE>000025</CODE>
      <TEXT_TYPE>S</TEXT_TYPE>
      <TEXT>計算</TEXT>
      <PATH>C</PATH>
     </RSMPE_MNLT>
     <RSMPE_MNLT>
      <CODE>000026</CODE>
      <TEXT_TYPE>S</TEXT_TYPE>
      <TEXT>ジャンプ</TEXT>
      <PATH>G</PATH>
      <INT_NOTE>標準補足</INT_NOTE>
     </RSMPE_MNLT>
     <RSMPE_MNLT>
      <CODE>000027</CODE>
      <TEXT_TYPE>S</TEXT_TYPE>
      <TEXT>設定</TEXT>
      <PATH>S</PATH>
      <INT_NOTE>SALV_TABLE_STATUS</INT_NOTE>
     </RSMPE_MNLT>
     <RSMPE_MNLT>
      <CODE>000028</CODE>
      <TEXT_TYPE>S</TEXT_TYPE>
      <TEXT>レイアウト</TEXT>
      <PATH>A</PATH>
      <INT_NOTE>Sub STANDARD</INT_NOTE>
     </RSMPE_MNLT>
     <RSMPE_MNLT>
      <CODE>000029</CODE>
      <TEXT_TYPE>S</TEXT_TYPE>
      <TEXT>列</TEXT>
      <PATH>C</PATH>
     </RSMPE_MNLT>
     <RSMPE_MNLT>
      <CODE>000030</CODE>
      <TEXT_TYPE>S</TEXT_TYPE>
      <TEXT>補足</TEXT>
      <PATH>A</PATH>
      <INT_NOTE>標準補足</INT_NOTE>
     </RSMPE_MNLT>
     <RSMPE_MNLT>
      <CODE>000031</CODE>
      <TEXT_TYPE>S</TEXT_TYPE>
      <TEXT>関連処理</TEXT>
      <PATH>V</PATH>
      <INT_NOTE>標準補足</INT_NOTE>
     </RSMPE_MNLT>
    </MTX>
    <ACT>
     <RSMPE_ACT>
      <CODE>000003</CODE>
      <NO>01</NO>
      <MENUCODE>000021</MENUCODE>
     </RSMPE_ACT>
     <RSMPE_ACT>
      <CODE>000003</CODE>
      <NO>02</NO>
      <MENUCODE>000024</MENUCODE>
     </RSMPE_ACT>
     <RSMPE_ACT>
      <CODE>000003</CODE>
      <NO>03</NO>
      <MENUCODE>000026</MENUCODE>
     </RSMPE_ACT>
     <RSMPE_ACT>
      <CODE>000003</CODE>
      <NO>04</NO>
      <MENUCODE>000027</MENUCODE>
     </RSMPE_ACT>
     <RSMPE_ACT>
      <CODE>000004</CODE>
      <NO>01</NO>
      <MENUCODE>000021</MENUCODE>
     </RSMPE_ACT>
     <RSMPE_ACT>
      <CODE>000004</CODE>
      <NO>02</NO>
      <MENUCODE>000024</MENUCODE>
     </RSMPE_ACT>
     <RSMPE_ACT>
      <CODE>000004</CODE>
      <NO>03</NO>
      <MENUCODE>000026</MENUCODE>
     </RSMPE_ACT>
     <RSMPE_ACT>
      <CODE>000004</CODE>
      <NO>04</NO>
      <MENUCODE>000027</MENUCODE>
     </RSMPE_ACT>
    </ACT>
    <BUT>
     <RSMPE_BUT>
      <PFK_CODE>000001</PFK_CODE>
      <CODE>0001</CODE>
      <NO>01</NO>
      <PFNO>09</PFNO>
     </RSMPE_BUT>
     <RSMPE_BUT>
      <PFK_CODE>000002</PFK_CODE>
      <CODE>0001</CODE>
      <NO>01</NO>
      <PFNO>08</PFNO>
     </RSMPE_BUT>
     <RSMPE_BUT>
      <PFK_CODE>000002</PFK_CODE>
      <CODE>0001</CODE>
      <NO>02</NO>
      <PFNO>09</PFNO>
     </RSMPE_BUT>
     <RSMPE_BUT>
      <PFK_CODE>000002</PFK_CODE>
      <CODE>0001</CODE>
      <NO>03</NO>
      <PFNO>06</PFNO>
     </RSMPE_BUT>
     <RSMPE_BUT>
      <PFK_CODE>000002</PFK_CODE>
      <CODE>0001</CODE>
      <NO>04</NO>
      <PFNO>02</PFNO>
     </RSMPE_BUT>
     <RSMPE_BUT>
      <PFK_CODE>000003</PFK_CODE>
      <CODE>0001</CODE>
      <NO>01</NO>
      <PFNO>22</PFNO>
     </RSMPE_BUT>
     <RSMPE_BUT>
      <PFK_CODE>000003</PFK_CODE>
      <CODE>0001</CODE>
      <NO>02</NO>
      <PFNO>S</PFNO>
     </RSMPE_BUT>
     <RSMPE_BUT>
      <PFK_CODE>000003</PFK_CODE>
      <CODE>0001</CODE>
      <NO>03</NO>
      <PFNO>05</PFNO>
     </RSMPE_BUT>
     <RSMPE_BUT>
      <PFK_CODE>000003</PFK_CODE>
      <CODE>0001</CODE>
      <NO>04</NO>
      <PFNO>06</PFNO>
     </RSMPE_BUT>
     <RSMPE_BUT>
      <PFK_CODE>000003</PFK_CODE>
      <CODE>0001</CODE>
      <NO>05</NO>
      <PFNO>S</PFNO>
     </RSMPE_BUT>
     <RSMPE_BUT>
      <PFK_CODE>000003</PFK_CODE>
      <CODE>0001</CODE>
      <NO>06</NO>
      <PFNO>40</PFNO>
     </RSMPE_BUT>
     <RSMPE_BUT>
      <PFK_CODE>000003</PFK_CODE>
      <CODE>0001</CODE>
      <NO>07</NO>
      <PFNO>29</PFNO>
     </RSMPE_BUT>
     <RSMPE_BUT>
      <PFK_CODE>000003</PFK_CODE>
      <CODE>0001</CODE>
      <NO>08</NO>
      <PFNO>S</PFNO>
     </RSMPE_BUT>
     <RSMPE_BUT>
      <PFK_CODE>000003</PFK_CODE>
      <CODE>0001</CODE>
      <NO>09</NO>
      <PFNO>39</PFNO>
     </RSMPE_BUT>
     <RSMPE_BUT>
      <PFK_CODE>000003</PFK_CODE>
      <CODE>0001</CODE>
      <NO>10</NO>
      <PFNO>S</PFNO>
     </RSMPE_BUT>
     <RSMPE_BUT>
      <PFK_CODE>000003</PFK_CODE>
      <CODE>0001</CODE>
      <NO>11</NO>
      <PFNO>32</PFNO>
     </RSMPE_BUT>
     <RSMPE_BUT>
      <PFK_CODE>000003</PFK_CODE>
      <CODE>0001</CODE>
      <NO>12</NO>
      <PFNO>33</PFNO>
     </RSMPE_BUT>
     <RSMPE_BUT>
      <PFK_CODE>000003</PFK_CODE>
      <CODE>0001</CODE>
      <NO>13</NO>
      <PFNO>34</PFNO>
     </RSMPE_BUT>
     <RSMPE_BUT>
      <PFK_CODE>000004</PFK_CODE>
      <CODE>0001</CODE>
      <NO>01</NO>
      <PFNO>08</PFNO>
     </RSMPE_BUT>
     <RSMPE_BUT>
      <PFK_CODE>000004</PFK_CODE>
      <CODE>0001</CODE>
      <NO>02</NO>
      <PFNO>S</PFNO>
     </RSMPE_BUT>
     <RSMPE_BUT>
      <PFK_CODE>000004</PFK_CODE>
      <CODE>0001</CODE>
      <NO>03</NO>
      <PFNO>05</PFNO>
     </RSMPE_BUT>
     <RSMPE_BUT>
      <PFK_CODE>000004</PFK_CODE>
      <CODE>0001</CODE>
      <NO>04</NO>
      <PFNO>06</PFNO>
     </RSMPE_BUT>
     <RSMPE_BUT>
      <PFK_CODE>000004</PFK_CODE>
      <CODE>0001</CODE>
      <NO>05</NO>
      <PFNO>S</PFNO>
     </RSMPE_BUT>
     <RSMPE_BUT>
      <PFK_CODE>000004</PFK_CODE>
      <CODE>0001</CODE>
      <NO>06</NO>
      <PFNO>40</PFNO>
     </RSMPE_BUT>
     <RSMPE_BUT>
      <PFK_CODE>000004</PFK_CODE>
      <CODE>0001</CODE>
      <NO>07</NO>
      <PFNO>29</PFNO>
     </RSMPE_BUT>
     <RSMPE_BUT>
      <PFK_CODE>000004</PFK_CODE>
      <CODE>0001</CODE>
      <NO>08</NO>
      <PFNO>S</PFNO>
     </RSMPE_BUT>
     <RSMPE_BUT>
      <PFK_CODE>000004</PFK_CODE>
      <CODE>0001</CODE>
      <NO>09</NO>
      <PFNO>39</PFNO>
     </RSMPE_BUT>
     <RSMPE_BUT>
      <PFK_CODE>000004</PFK_CODE>
      <CODE>0001</CODE>
      <NO>10</NO>
      <PFNO>S</PFNO>
     </RSMPE_BUT>
     <RSMPE_BUT>
      <PFK_CODE>000004</PFK_CODE>
      <CODE>0001</CODE>
      <NO>11</NO>
      <PFNO>32</PFNO>
     </RSMPE_BUT>
     <RSMPE_BUT>
      <PFK_CODE>000004</PFK_CODE>
      <CODE>0001</CODE>
      <NO>12</NO>
      <PFNO>33</PFNO>
     </RSMPE_BUT>
     <RSMPE_BUT>
      <PFK_CODE>000004</PFK_CODE>
      <CODE>0001</CODE>
      <NO>13</NO>
      <PFNO>34</PFNO>
     </RSMPE_BUT>
     <RSMPE_BUT>
      <PFK_CODE>000004</PFK_CODE>
      <CODE>0001</CODE>
      <NO>14</NO>
      <PFNO>13</PFNO>
     </RSMPE_BUT>
    </BUT>
    <PFK>
     <RSMPE_PFK>
      <CODE>000001</CODE>
      <PFNO>03</PFNO>
      <FUNCODE>BACK</FUNCODE>
      <FUNNO>001</FUNNO>
     </RSMPE_PFK>
     <RSMPE_PFK>
      <CODE>000001</CODE>
      <PFNO>09</PFNO>
      <FUNCODE>DELETE</FUNCODE>
      <FUNNO>001</FUNNO>
     </RSMPE_PFK>
     <RSMPE_PFK>
      <CODE>000002</CODE>
      <PFNO>02</PFNO>
      <FUNCODE>EDIT</FUNCODE>
      <FUNNO>001</FUNNO>
     </RSMPE_PFK>
     <RSMPE_PFK>
      <CODE>000002</CODE>
      <PFNO>03</PFNO>
      <FUNCODE>BACK</FUNCODE>
      <FUNNO>001</FUNNO>
     </RSMPE_PFK>
     <RSMPE_PFK>
      <CODE>000002</CODE>
      <PFNO>06</PFNO>
      <FUNCODE>REFRESH</FUNCODE>
      <FUNNO>001</FUNNO>
     </RSMPE_PFK>
     <RSMPE_PFK>
      <CODE>000002</CODE>
      <PFNO>08</PFNO>
      <FUNCODE>POST</FUNCODE>
      <FUNNO>001</FUNNO>
     </RSMPE_PFK>
     <RSMPE_PFK>
      <CODE>000002</CODE>
      <PFNO>09</PFNO>
      <FUNCODE>REFILE</FUNCODE>
      <FUNNO>001</FUNNO>
     </RSMPE_PFK>
     <RSMPE_PFK>
      <CODE>000002</CODE>
      <PFNO>12</PFNO>
      <FUNCODE>CANC</FUNCODE>
      <FUNNO>002</FUNNO>
     </RSMPE_PFK>
     <RSMPE_PFK>
      <CODE>000002</CODE>
      <PFNO>15</PFNO>
      <FUNCODE>EXIT</FUNCODE>
      <FUNNO>001</FUNNO>
     </RSMPE_PFK>
     <RSMPE_PFK>
      <CODE>000003</CODE>
      <PFNO>02</PFNO>
      <FUNCODE>&amp;IC1</FUNCODE>
      <FUNNO>001</FUNNO>
     </RSMPE_PFK>
     <RSMPE_PFK>
      <CODE>000003</CODE>
      <PFNO>03</PFNO>
      <FUNCODE>&amp;F03</FUNCODE>
      <FUNNO>001</FUNNO>
     </RSMPE_PFK>
     <RSMPE_PFK>
      <CODE>000003</CODE>
      <PFNO>04</PFNO>
      <FUNCODE>&amp;F4</FUNCODE>
      <FUNNO>001</FUNNO>
     </RSMPE_PFK>
     <RSMPE_PFK>
      <CODE>000003</CODE>
      <PFNO>05</PFNO>
      <FUNCODE>&amp;ALL</FUNCODE>
      <FUNNO>001</FUNNO>
     </RSMPE_PFK>
     <RSMPE_PFK>
      <CODE>000003</CODE>
      <PFNO>06</PFNO>
      <FUNCODE>&amp;SAL</FUNCODE>
      <FUNNO>001</FUNNO>
     </RSMPE_PFK>
     <RSMPE_PFK>
      <CODE>000003</CODE>
      <PFNO>22</PFNO>
      <FUNCODE>DELETE</FUNCODE>
      <FUNNO>001</FUNNO>
     </RSMPE_PFK>
     <RSMPE_PFK>
      <CODE>000003</CODE>
      <PFNO>29</PFNO>
      <FUNCODE>&amp;ILT</FUNCODE>
      <FUNNO>001</FUNNO>
     </RSMPE_PFK>
     <RSMPE_PFK>
      <CODE>000003</CODE>
      <PFNO>32</PFNO>
      <FUNCODE>&amp;OL0</FUNCODE>
      <FUNNO>001</FUNNO>
     </RSMPE_PFK>
     <RSMPE_PFK>
      <CODE>000003</CODE>
      <PFNO>33</PFNO>
      <FUNCODE>&amp;OAD</FUNCODE>
      <FUNNO>002</FUNNO>
     </RSMPE_PFK>
     <RSMPE_PFK>
      <CODE>000003</CODE>
      <PFNO>34</PFNO>
      <FUNCODE>&amp;AVE</FUNCODE>
      <FUNNO>002</FUNNO>
     </RSMPE_PFK>
     <RSMPE_PFK>
      <CODE>000003</CODE>
      <PFNO>39</PFNO>
      <FUNCODE>&amp;ETA</FUNCODE>
      <FUNNO>001</FUNNO>
     </RSMPE_PFK>
     <RSMPE_PFK>
      <CODE>000003</CODE>
      <PFNO>40</PFNO>
      <FUNCODE>&amp;ODN</FUNCODE>
      <FUNNO>001</FUNNO>
     </RSMPE_PFK>
     <RSMPE_PFK>
      <CODE>000004</CODE>
      <PFNO>02</PFNO>
      <FUNCODE>&amp;IC1</FUNCODE>
      <FUNNO>001</FUNNO>
     </RSMPE_PFK>
     <RSMPE_PFK>
      <CODE>000004</CODE>
      <PFNO>03</PFNO>
      <FUNCODE>BK</FUNCODE>
      <FUNNO>001</FUNNO>
     </RSMPE_PFK>
     <RSMPE_PFK>
      <CODE>000004</CODE>
      <PFNO>04</PFNO>
      <FUNCODE>&amp;F4</FUNCODE>
      <FUNNO>001</FUNNO>
     </RSMPE_PFK>
     <RSMPE_PFK>
      <CODE>000004</CODE>
      <PFNO>05</PFNO>
      <FUNCODE>&amp;ALL</FUNCODE>
      <FUNNO>001</FUNNO>
     </RSMPE_PFK>
     <RSMPE_PFK>
      <CODE>000004</CODE>
      <PFNO>06</PFNO>
      <FUNCODE>&amp;SAL</FUNCODE>
      <FUNNO>001</FUNNO>
     </RSMPE_PFK>
     <RSMPE_PFK>
      <CODE>000004</CODE>
      <PFNO>08</PFNO>
      <FUNCODE>POST</FUNCODE>
      <FUNNO>001</FUNNO>
     </RSMPE_PFK>
     <RSMPE_PFK>
      <CODE>000004</CODE>
      <PFNO>13</PFNO>
      <FUNCODE>&amp;XXL</FUNCODE>
      <FUNNO>001</FUNNO>
     </RSMPE_PFK>
     <RSMPE_PFK>
      <CODE>000004</CODE>
      <PFNO>22</PFNO>
      <FUNCODE>DELETE</FUNCODE>
      <FUNNO>001</FUNNO>
     </RSMPE_PFK>
     <RSMPE_PFK>
      <CODE>000004</CODE>
      <PFNO>29</PFNO>
      <FUNCODE>&amp;ILT</FUNCODE>
      <FUNNO>001</FUNNO>
     </RSMPE_PFK>
     <RSMPE_PFK>
      <CODE>000004</CODE>
      <PFNO>32</PFNO>
      <FUNCODE>&amp;OL0</FUNCODE>
      <FUNNO>001</FUNNO>
     </RSMPE_PFK>
     <RSMPE_PFK>
      <CODE>000004</CODE>
      <PFNO>33</PFNO>
      <FUNCODE>&amp;OAD</FUNCODE>
      <FUNNO>002</FUNNO>
     </RSMPE_PFK>
     <RSMPE_PFK>
      <CODE>000004</CODE>
      <PFNO>34</PFNO>
      <FUNCODE>&amp;AVE</FUNCODE>
      <FUNNO>002</FUNNO>
     </RSMPE_PFK>
     <RSMPE_PFK>
      <CODE>000004</CODE>
      <PFNO>39</PFNO>
      <FUNCODE>&amp;ETA</FUNCODE>
      <FUNNO>001</FUNNO>
     </RSMPE_PFK>
     <RSMPE_PFK>
      <CODE>000004</CODE>
      <PFNO>40</PFNO>
      <FUNCODE>&amp;ODN</FUNCODE>
      <FUNNO>001</FUNNO>
     </RSMPE_PFK>
    </PFK>
    <SET>
     <RSMPE_STAF>
      <STATUS>9000</STATUS>
      <FUNCTION>%CH</FUNCTION>
     </RSMPE_STAF>
     <RSMPE_STAF>
      <STATUS>9000</STATUS>
      <FUNCTION>%ML</FUNCTION>
     </RSMPE_STAF>
     <RSMPE_STAF>
      <STATUS>9000</STATUS>
      <FUNCTION>%PC</FUNCTION>
     </RSMPE_STAF>
     <RSMPE_STAF>
      <STATUS>9000</STATUS>
      <FUNCTION>%SC</FUNCTION>
     </RSMPE_STAF>
     <RSMPE_STAF>
      <STATUS>9000</STATUS>
      <FUNCTION>%SC+</FUNCTION>
     </RSMPE_STAF>
     <RSMPE_STAF>
      <STATUS>9000</STATUS>
      <FUNCTION>%SL</FUNCTION>
     </RSMPE_STAF>
     <RSMPE_STAF>
      <STATUS>9000</STATUS>
      <FUNCTION>&amp;ABC</FUNCTION>
     </RSMPE_STAF>
     <RSMPE_STAF>
      <STATUS>9000</STATUS>
      <FUNCTION>&amp;ALL</FUNCTION>
     </RSMPE_STAF>
     <RSMPE_STAF>
      <STATUS>9000</STATUS>
      <FUNCTION>&amp;AQW</FUNCTION>
     </RSMPE_STAF>
     <RSMPE_STAF>
      <STATUS>9000</STATUS>
      <FUNCTION>&amp;AUF</FUNCTION>
     </RSMPE_STAF>
     <RSMPE_STAF>
      <STATUS>9000</STATUS>
      <FUNCTION>&amp;AVE</FUNCTION>
     </RSMPE_STAF>
     <RSMPE_STAF>
      <STATUS>9000</STATUS>
      <FUNCTION>&amp;AVR</FUNCTION>
     </RSMPE_STAF>
     <RSMPE_STAF>
      <STATUS>9000</STATUS>
      <FUNCTION>&amp;BS</FUNCTION>
     </RSMPE_STAF>
     <RSMPE_STAF>
      <STATUS>9000</STATUS>
      <FUNCTION>&amp;BS+</FUNCTION>
     </RSMPE_STAF>
     <RSMPE_STAF>
      <STATUS>9000</STATUS>
      <FUNCTION>&amp;BS-</FUNCTION>
     </RSMPE_STAF>
     <RSMPE_STAF>
      <STATUS>9000</STATUS>
      <FUNCTION>&amp;CDF</FUNCTION>
     </RSMPE_STAF>
     <RSMPE_STAF>
      <STATUS>9000</STATUS>
      <FUNCTION>&amp;CFI</FUNCTION>
     </RSMPE_STAF>
     <RSMPE_STAF>
      <STATUS>9000</STATUS>
      <FUNCTION>&amp;COUNT</FUNCTION>
     </RSMPE_STAF>
     <RSMPE_STAF>
      <STATUS>9000</STATUS>
      <FUNCTION>&amp;CRB</FUNCTION>
     </RSMPE_STAF>
     <RSMPE_STAF>
      <STATUS>9000</STATUS>
      <FUNCTION>&amp;CRBATCH</FUNCTION>
     </RSMPE_STAF>
     <RSMPE_STAF>
      <STATUS>9000</STATUS>
      <FUNCTION>&amp;CRDESIG</FUNCTION>
     </RSMPE_STAF>
     <RSMPE_STAF>
      <STATUS>9000</STATUS>
      <FUNCTION>&amp;CRE</FUNCTION>
     </RSMPE_STAF>
     <RSMPE_STAF>
      <STATUS>9000</STATUS>
      <FUNCTION>&amp;CRL</FUNCTION>
     </RSMPE_STAF>
     <RSMPE_STAF>
      <STATUS>9000</STATUS>
      <FUNCTION>&amp;CRR</FUNCTION>
     </RSMPE_STAF>
     <RSMPE_STAF>
      <STATUS>9000</STATUS>
      <FUNCTION>&amp;CRTEMPL</FUNCTION>
     </RSMPE_STAF>
     <RSMPE_STAF>
      <STATUS>9000</STATUS>
      <FUNCTION>&amp;CRYSTAL</FUNCTION>
     </RSMPE_STAF>
     <RSMPE_STAF>
      <STATUS>9000</STATUS>
      <FUNCTION>&amp;DATA_SAVE</FUNCTION>
     </RSMPE_STAF>
     <RSMPE_STAF>
      <STATUS>9000</STATUS>
      <FUNCTION>&amp;DAU</FUNCTION>
     </RSMPE_STAF>
     <RSMPE_STAF>
      <STATUS>9000</STATUS>
      <FUNCTION>&amp;DOF</FUNCTION>
     </RSMPE_STAF>
     <RSMPE_STAF>
      <STATUS>9000</STATUS>
      <FUNCTION>&amp;DON</FUNCTION>
     </RSMPE_STAF>
     <RSMPE_STAF>
      <STATUS>9000</STATUS>
      <FUNCTION>&amp;EB3</FUNCTION>
     </RSMPE_STAF>
     <RSMPE_STAF>
      <STATUS>9000</STATUS>
      <FUNCTION>&amp;EB9</FUNCTION>
     </RSMPE_STAF>
     <RSMPE_STAF>
      <STATUS>9000</STATUS>
      <FUNCTION>&amp;ELP</FUNCTION>
     </RSMPE_STAF>
     <RSMPE_STAF>
      <STATUS>9000</STATUS>
      <FUNCTION>&amp;ERW</FUNCTION>
     </RSMPE_STAF>
     <RSMPE_STAF>
      <STATUS>9000</STATUS>
      <FUNCTION>&amp;ETA</FUNCTION>
     </RSMPE_STAF>
     <RSMPE_STAF>
      <STATUS>9000</STATUS>
      <FUNCTION>&amp;F03</FUNCTION>
     </RSMPE_STAF>
     <RSMPE_STAF>
      <STATUS>9000</STATUS>
      <FUNCTION>&amp;F12</FUNCTION>
     </RSMPE_STAF>
     <RSMPE_STAF>
      <STATUS>9000</STATUS>
      <FUNCTION>&amp;F15</FUNCTION>
     </RSMPE_STAF>
     <RSMPE_STAF>
      <STATUS>9000</STATUS>
      <FUNCTION>&amp;F4</FUNCTION>
     </RSMPE_STAF>
     <RSMPE_STAF>
      <STATUS>9000</STATUS>
      <FUNCTION>&amp;GRAPH</FUNCTION>
     </RSMPE_STAF>
     <RSMPE_STAF>
      <STATUS>9000</STATUS>
      <FUNCTION>&amp;IC1</FUNCTION>
     </RSMPE_STAF>
     <RSMPE_STAF>
      <STATUS>9000</STATUS>
      <FUNCTION>&amp;ILD</FUNCTION>
     </RSMPE_STAF>
     <RSMPE_STAF>
      <STATUS>9000</STATUS>
      <FUNCTION>&amp;ILT</FUNCTION>
     </RSMPE_STAF>
     <RSMPE_STAF>
      <STATUS>9000</STATUS>
      <FUNCTION>&amp;INFO</FUNCTION>
     </RSMPE_STAF>
     <RSMPE_STAF>
      <STATUS>9000</STATUS>
      <FUNCTION>&amp;KOM</FUNCTION>
     </RSMPE_STAF>
     <RSMPE_STAF>
      <STATUS>9000</STATUS>
      <FUNCTION>&amp;LFO</FUNCTION>
     </RSMPE_STAF>
     <RSMPE_STAF>
      <STATUS>9000</STATUS>
      <FUNCTION>&amp;LIS</FUNCTION>
     </RSMPE_STAF>
     <RSMPE_STAF>
      <STATUS>9000</STATUS>
      <FUNCTION>&amp;MAX</FUNCTION>
     </RSMPE_STAF>
     <RSMPE_STAF>
      <STATUS>9000</STATUS>
      <FUNCTION>&amp;MIN</FUNCTION>
     </RSMPE_STAF>
     <RSMPE_STAF>
      <STATUS>9000</STATUS>
      <FUNCTION>&amp;NFO</FUNCTION>
     </RSMPE_STAF>
     <RSMPE_STAF>
      <STATUS>9000</STATUS>
      <FUNCTION>&amp;NTE</FUNCTION>
     </RSMPE_STAF>
     <RSMPE_STAF>
      <STATUS>9000</STATUS>
      <FUNCTION>&amp;OAD</FUNCTION>
     </RSMPE_STAF>
     <RSMPE_STAF>
      <STATUS>9000</STATUS>
      <FUNCTION>&amp;ODN</FUNCTION>
     </RSMPE_STAF>
     <RSMPE_STAF>
      <STATUS>9000</STATUS>
      <FUNCTION>&amp;OL0</FUNCTION>
     </RSMPE_STAF>
     <RSMPE_STAF>
      <STATUS>9000</STATUS>
      <FUNCTION>&amp;OLX</FUNCTION>
     </RSMPE_STAF>
     <RSMPE_STAF>
      <STATUS>9000</STATUS>
      <FUNCTION>&amp;OMP</FUNCTION>
     </RSMPE_STAF>
     <RSMPE_STAF>
      <STATUS>9000</STATUS>
      <FUNCTION>&amp;OPT</FUNCTION>
     </RSMPE_STAF>
     <RSMPE_STAF>
      <STATUS>9000</STATUS>
      <FUNCTION>&amp;OUP</FUNCTION>
     </RSMPE_STAF>
     <RSMPE_STAF>
      <STATUS>9000</STATUS>
      <FUNCTION>&amp;REFRESH</FUNCTION>
     </RSMPE_STAF>
     <RSMPE_STAF>
      <STATUS>9000</STATUS>
      <FUNCTION>&amp;RNT</FUNCTION>
     </RSMPE_STAF>
     <RSMPE_STAF>
      <STATUS>9000</STATUS>
      <FUNCTION>&amp;RNT_PREV</FUNCTION>
     </RSMPE_STAF>
     <RSMPE_STAF>
      <STATUS>9000</STATUS>
      <FUNCTION>&amp;SAL</FUNCTION>
     </RSMPE_STAF>
     <RSMPE_STAF>
      <STATUS>9000</STATUS>
      <FUNCTION>&amp;SAVE</FUNCTION>
     </RSMPE_STAF>
     <RSMPE_STAF>
      <STATUS>9000</STATUS>
      <FUNCTION>&amp;SUM</FUNCTION>
     </RSMPE_STAF>
     <RSMPE_STAF>
      <STATUS>9000</STATUS>
      <FUNCTION>&amp;UMC</FUNCTION>
     </RSMPE_STAF>
     <RSMPE_STAF>
      <STATUS>9000</STATUS>
      <FUNCTION>&amp;URL</FUNCTION>
     </RSMPE_STAF>
     <RSMPE_STAF>
      <STATUS>9000</STATUS>
      <FUNCTION>&amp;VCRYSTAL</FUNCTION>
     </RSMPE_STAF>
     <RSMPE_STAF>
      <STATUS>9000</STATUS>
      <FUNCTION>&amp;VCRYSTRAL</FUNCTION>
     </RSMPE_STAF>
     <RSMPE_STAF>
      <STATUS>9000</STATUS>
      <FUNCTION>&amp;VEXCEL</FUNCTION>
     </RSMPE_STAF>
     <RSMPE_STAF>
      <STATUS>9000</STATUS>
      <FUNCTION>&amp;VGRID</FUNCTION>
     </RSMPE_STAF>
     <RSMPE_STAF>
      <STATUS>9000</STATUS>
      <FUNCTION>&amp;VLOTUS</FUNCTION>
     </RSMPE_STAF>
     <RSMPE_STAF>
      <STATUS>9000</STATUS>
      <FUNCTION>&amp;XINT</FUNCTION>
     </RSMPE_STAF>
     <RSMPE_STAF>
      <STATUS>9000</STATUS>
      <FUNCTION>&amp;XML</FUNCTION>
     </RSMPE_STAF>
     <RSMPE_STAF>
      <STATUS>9000</STATUS>
      <FUNCTION>&amp;XPA</FUNCTION>
     </RSMPE_STAF>
     <RSMPE_STAF>
      <STATUS>9000</STATUS>
      <FUNCTION>&amp;XXL</FUNCTION>
     </RSMPE_STAF>
     <RSMPE_STAF>
      <STATUS>9000</STATUS>
      <FUNCTION>BAC1</FUNCTION>
     </RSMPE_STAF>
     <RSMPE_STAF>
      <STATUS>9000</STATUS>
      <FUNCTION>BACK</FUNCTION>
     </RSMPE_STAF>
     <RSMPE_STAF>
      <STATUS>9000</STATUS>
      <FUNCTION>BEB1</FUNCTION>
     </RSMPE_STAF>
     <RSMPE_STAF>
      <STATUS>9000</STATUS>
      <FUNCTION>BEB2</FUNCTION>
     </RSMPE_STAF>
     <RSMPE_STAF>
      <STATUS>9000</STATUS>
      <FUNCTION>BEB3</FUNCTION>
     </RSMPE_STAF>
     <RSMPE_STAF>
      <STATUS>9000</STATUS>
      <FUNCTION>BEB9</FUNCTION>
     </RSMPE_STAF>
     <RSMPE_STAF>
      <STATUS>9000</STATUS>
      <FUNCTION>BEBN</FUNCTION>
     </RSMPE_STAF>
     <RSMPE_STAF>
      <STATUS>9000</STATUS>
      <FUNCTION>COL0</FUNCTION>
     </RSMPE_STAF>
     <RSMPE_STAF>
      <STATUS>9000</STATUS>
      <FUNCTION>COLX</FUNCTION>
     </RSMPE_STAF>
     <RSMPE_STAF>
      <STATUS>9000</STATUS>
      <FUNCTION>DELETE</FUNCTION>
     </RSMPE_STAF>
     <RSMPE_STAF>
      <STATUS>9000</STATUS>
      <FUNCTION>DETA</FUNCTION>
     </RSMPE_STAF>
     <RSMPE_STAF>
      <STATUS>9000</STATUS>
      <FUNCTION>DRUK</FUNCTION>
     </RSMPE_STAF>
     <RSMPE_STAF>
      <STATUS>9000</STATUS>
      <FUNCTION>DSAL</FUNCTION>
     </RSMPE_STAF>
     <RSMPE_STAF>
      <STATUS>9000</STATUS>
      <FUNCTION>ENTE</FUNCTION>
     </RSMPE_STAF>
     <RSMPE_STAF>
      <STATUS>9000</STATUS>
      <FUNCTION>EXIT</FUNCTION>
     </RSMPE_STAF>
     <RSMPE_STAF>
      <STATUS>9000</STATUS>
      <FUNCTION>EXPA</FUNCTION>
     </RSMPE_STAF>
     <RSMPE_STAF>
      <STATUS>9000</STATUS>
      <FUNCTION>FILD</FUNCTION>
     </RSMPE_STAF>
     <RSMPE_STAF>
      <STATUS>9000</STATUS>
      <FUNCTION>FILT</FUNCTION>
     </RSMPE_STAF>
     <RSMPE_STAF>
      <STATUS>9000</STATUS>
      <FUNCTION>GET_SEL</FUNCTION>
     </RSMPE_STAF>
     <RSMPE_STAF>
      <STATUS>9000</STATUS>
      <FUNCTION>GLIS</FUNCTION>
     </RSMPE_STAF>
     <RSMPE_STAF>
      <STATUS>9000</STATUS>
      <FUNCTION>HELP</FUNCTION>
     </RSMPE_STAF>
     <RSMPE_STAF>
      <STATUS>9000</STATUS>
      <FUNCTION>INFO</FUNCTION>
     </RSMPE_STAF>
     <RSMPE_STAF>
      <STATUS>9000</STATUS>
      <FUNCTION>KOMP</FUNCTION>
     </RSMPE_STAF>
     <RSMPE_STAF>
      <STATUS>9000</STATUS>
      <FUNCTION>MYFUNCTION</FUNCTION>
     </RSMPE_STAF>
     <RSMPE_STAF>
      <STATUS>9000</STATUS>
      <FUNCTION>P+</FUNCTION>
     </RSMPE_STAF>
     <RSMPE_STAF>
      <STATUS>9000</STATUS>
      <FUNCTION>P++</FUNCTION>
     </RSMPE_STAF>
     <RSMPE_STAF>
      <STATUS>9000</STATUS>
      <FUNCTION>P-</FUNCTION>
     </RSMPE_STAF>
     <RSMPE_STAF>
      <STATUS>9000</STATUS>
      <FUNCTION>P--</FUNCTION>
     </RSMPE_STAF>
     <RSMPE_STAF>
      <STATUS>9000</STATUS>
      <FUNCTION>PF09</FUNCTION>
     </RSMPE_STAF>
     <RSMPE_STAF>
      <STATUS>9000</STATUS>
      <FUNCTION>PF13</FUNCTION>
     </RSMPE_STAF>
     <RSMPE_STAF>
      <STATUS>9000</STATUS>
      <FUNCTION>PIC1</FUNCTION>
     </RSMPE_STAF>
     <RSMPE_STAF>
      <STATUS>9000</STATUS>
      <FUNCTION>PICK</FUNCTION>
     </RSMPE_STAF>
     <RSMPE_STAF>
      <STATUS>9000</STATUS>
      <FUNCTION>PRI</FUNCTION>
     </RSMPE_STAF>
     <RSMPE_STAF>
      <STATUS>9000</STATUS>
      <FUNCTION>PRIN</FUNCTION>
     </RSMPE_STAF>
     <RSMPE_STAF>
      <STATUS>9000</STATUS>
      <FUNCTION>PRNT</FUNCTION>
     </RSMPE_STAF>
     <RSMPE_STAF>
      <STATUS>9000</STATUS>
      <FUNCTION>RW</FUNCTION>
     </RSMPE_STAF>
     <RSMPE_STAF>
      <STATUS>9000</STATUS>
      <FUNCTION>SALL</FUNCTION>
     </RSMPE_STAF>
     <RSMPE_STAF>
      <STATUS>9000</STATUS>
      <FUNCTION>SAUF</FUNCTION>
     </RSMPE_STAF>
     <RSMPE_STAF>
      <STATUS>9000</STATUS>
      <FUNCTION>SAVE</FUNCTION>
     </RSMPE_STAF>
     <RSMPE_STAF>
      <STATUS>9000</STATUS>
      <FUNCTION>SCRB</FUNCTION>
     </RSMPE_STAF>
     <RSMPE_STAF>
      <STATUS>9000</STATUS>
      <FUNCTION>SCRE</FUNCTION>
     </RSMPE_STAF>
     <RSMPE_STAF>
      <STATUS>9000</STATUS>
      <FUNCTION>SCRL</FUNCTION>
     </RSMPE_STAF>
     <RSMPE_STAF>
      <STATUS>9000</STATUS>
      <FUNCTION>SCRR</FUNCTION>
     </RSMPE_STAF>
     <RSMPE_STAF>
      <STATUS>9000</STATUS>
      <FUNCTION>SET_CELL</FUNCTION>
     </RSMPE_STAF>
     <RSMPE_STAF>
      <STATUS>9000</STATUS>
      <FUNCTION>SET_COLS</FUNCTION>
     </RSMPE_STAF>
     <RSMPE_STAF>
      <STATUS>9000</STATUS>
      <FUNCTION>SET_ROWS</FUNCTION>
     </RSMPE_STAF>
     <RSMPE_STAF>
      <STATUS>9000</STATUS>
      <FUNCTION>SKOM</FUNCTION>
     </RSMPE_STAF>
     <RSMPE_STAF>
      <STATUS>9000</STATUS>
      <FUNCTION>SODN</FUNCTION>
     </RSMPE_STAF>
     <RSMPE_STAF>
      <STATUS>9000</STATUS>
      <FUNCTION>SOUP</FUNCTION>
     </RSMPE_STAF>
     <RSMPE_STAF>
      <STATUS>9000</STATUS>
      <FUNCTION>SUMC</FUNCTION>
     </RSMPE_STAF>
     <RSMPE_STAF>
      <STATUS>9000</STATUS>
      <FUNCTION>ZSUM</FUNCTION>
     </RSMPE_STAF>
     <RSMPE_STAF>
      <STATUS>9100</STATUS>
      <FUNCTION>%CH</FUNCTION>
     </RSMPE_STAF>
     <RSMPE_STAF>
      <STATUS>9100</STATUS>
      <FUNCTION>%ML</FUNCTION>
     </RSMPE_STAF>
     <RSMPE_STAF>
      <STATUS>9100</STATUS>
      <FUNCTION>%PC</FUNCTION>
     </RSMPE_STAF>
     <RSMPE_STAF>
      <STATUS>9100</STATUS>
      <FUNCTION>%SC</FUNCTION>
     </RSMPE_STAF>
     <RSMPE_STAF>
      <STATUS>9100</STATUS>
      <FUNCTION>%SC+</FUNCTION>
     </RSMPE_STAF>
     <RSMPE_STAF>
      <STATUS>9100</STATUS>
      <FUNCTION>%SL</FUNCTION>
     </RSMPE_STAF>
     <RSMPE_STAF>
      <STATUS>9100</STATUS>
      <FUNCTION>&amp;ABC</FUNCTION>
     </RSMPE_STAF>
     <RSMPE_STAF>
      <STATUS>9100</STATUS>
      <FUNCTION>&amp;ALL</FUNCTION>
     </RSMPE_STAF>
     <RSMPE_STAF>
      <STATUS>9100</STATUS>
      <FUNCTION>&amp;AQW</FUNCTION>
     </RSMPE_STAF>
     <RSMPE_STAF>
      <STATUS>9100</STATUS>
      <FUNCTION>&amp;AUF</FUNCTION>
     </RSMPE_STAF>
     <RSMPE_STAF>
      <STATUS>9100</STATUS>
      <FUNCTION>&amp;AVE</FUNCTION>
     </RSMPE_STAF>
     <RSMPE_STAF>
      <STATUS>9100</STATUS>
      <FUNCTION>&amp;AVR</FUNCTION>
     </RSMPE_STAF>
     <RSMPE_STAF>
      <STATUS>9100</STATUS>
      <FUNCTION>&amp;BS</FUNCTION>
     </RSMPE_STAF>
     <RSMPE_STAF>
      <STATUS>9100</STATUS>
      <FUNCTION>&amp;BS+</FUNCTION>
     </RSMPE_STAF>
     <RSMPE_STAF>
      <STATUS>9100</STATUS>
      <FUNCTION>&amp;BS-</FUNCTION>
     </RSMPE_STAF>
     <RSMPE_STAF>
      <STATUS>9100</STATUS>
      <FUNCTION>&amp;CDF</FUNCTION>
     </RSMPE_STAF>
     <RSMPE_STAF>
      <STATUS>9100</STATUS>
      <FUNCTION>&amp;CFI</FUNCTION>
     </RSMPE_STAF>
     <RSMPE_STAF>
      <STATUS>9100</STATUS>
      <FUNCTION>&amp;COUNT</FUNCTION>
     </RSMPE_STAF>
     <RSMPE_STAF>
      <STATUS>9100</STATUS>
      <FUNCTION>&amp;CRB</FUNCTION>
     </RSMPE_STAF>
     <RSMPE_STAF>
      <STATUS>9100</STATUS>
      <FUNCTION>&amp;CRBATCH</FUNCTION>
     </RSMPE_STAF>
     <RSMPE_STAF>
      <STATUS>9100</STATUS>
      <FUNCTION>&amp;CRDESIG</FUNCTION>
     </RSMPE_STAF>
     <RSMPE_STAF>
      <STATUS>9100</STATUS>
      <FUNCTION>&amp;CRE</FUNCTION>
     </RSMPE_STAF>
     <RSMPE_STAF>
      <STATUS>9100</STATUS>
      <FUNCTION>&amp;CRL</FUNCTION>
     </RSMPE_STAF>
     <RSMPE_STAF>
      <STATUS>9100</STATUS>
      <FUNCTION>&amp;CRR</FUNCTION>
     </RSMPE_STAF>
     <RSMPE_STAF>
      <STATUS>9100</STATUS>
      <FUNCTION>&amp;CRTEMPL</FUNCTION>
     </RSMPE_STAF>
     <RSMPE_STAF>
      <STATUS>9100</STATUS>
      <FUNCTION>&amp;CRYSTAL</FUNCTION>
     </RSMPE_STAF>
     <RSMPE_STAF>
      <STATUS>9100</STATUS>
      <FUNCTION>&amp;DATA_SAVE</FUNCTION>
     </RSMPE_STAF>
     <RSMPE_STAF>
      <STATUS>9100</STATUS>
      <FUNCTION>&amp;DAU</FUNCTION>
     </RSMPE_STAF>
     <RSMPE_STAF>
      <STATUS>9100</STATUS>
      <FUNCTION>&amp;DOF</FUNCTION>
     </RSMPE_STAF>
     <RSMPE_STAF>
      <STATUS>9100</STATUS>
      <FUNCTION>&amp;DON</FUNCTION>
     </RSMPE_STAF>
     <RSMPE_STAF>
      <STATUS>9100</STATUS>
      <FUNCTION>&amp;EB3</FUNCTION>
     </RSMPE_STAF>
     <RSMPE_STAF>
      <STATUS>9100</STATUS>
      <FUNCTION>&amp;EB9</FUNCTION>
     </RSMPE_STAF>
     <RSMPE_STAF>
      <STATUS>9100</STATUS>
      <FUNCTION>&amp;ELP</FUNCTION>
     </RSMPE_STAF>
     <RSMPE_STAF>
      <STATUS>9100</STATUS>
      <FUNCTION>&amp;ERW</FUNCTION>
     </RSMPE_STAF>
     <RSMPE_STAF>
      <STATUS>9100</STATUS>
      <FUNCTION>&amp;ETA</FUNCTION>
     </RSMPE_STAF>
     <RSMPE_STAF>
      <STATUS>9100</STATUS>
      <FUNCTION>&amp;F03</FUNCTION>
     </RSMPE_STAF>
     <RSMPE_STAF>
      <STATUS>9100</STATUS>
      <FUNCTION>&amp;F12</FUNCTION>
     </RSMPE_STAF>
     <RSMPE_STAF>
      <STATUS>9100</STATUS>
      <FUNCTION>&amp;F15</FUNCTION>
     </RSMPE_STAF>
     <RSMPE_STAF>
      <STATUS>9100</STATUS>
      <FUNCTION>&amp;F4</FUNCTION>
     </RSMPE_STAF>
     <RSMPE_STAF>
      <STATUS>9100</STATUS>
      <FUNCTION>&amp;GRAPH</FUNCTION>
     </RSMPE_STAF>
     <RSMPE_STAF>
      <STATUS>9100</STATUS>
      <FUNCTION>&amp;IC1</FUNCTION>
     </RSMPE_STAF>
     <RSMPE_STAF>
      <STATUS>9100</STATUS>
      <FUNCTION>&amp;ILD</FUNCTION>
     </RSMPE_STAF>
     <RSMPE_STAF>
      <STATUS>9100</STATUS>
      <FUNCTION>&amp;ILT</FUNCTION>
     </RSMPE_STAF>
     <RSMPE_STAF>
      <STATUS>9100</STATUS>
      <FUNCTION>&amp;INFO</FUNCTION>
     </RSMPE_STAF>
     <RSMPE_STAF>
      <STATUS>9100</STATUS>
      <FUNCTION>&amp;KOM</FUNCTION>
     </RSMPE_STAF>
     <RSMPE_STAF>
      <STATUS>9100</STATUS>
      <FUNCTION>&amp;LFO</FUNCTION>
     </RSMPE_STAF>
     <RSMPE_STAF>
      <STATUS>9100</STATUS>
      <FUNCTION>&amp;LIS</FUNCTION>
     </RSMPE_STAF>
     <RSMPE_STAF>
      <STATUS>9100</STATUS>
      <FUNCTION>&amp;MAX</FUNCTION>
     </RSMPE_STAF>
     <RSMPE_STAF>
      <STATUS>9100</STATUS>
      <FUNCTION>&amp;MIN</FUNCTION>
     </RSMPE_STAF>
     <RSMPE_STAF>
      <STATUS>9100</STATUS>
      <FUNCTION>&amp;NFO</FUNCTION>
     </RSMPE_STAF>
     <RSMPE_STAF>
      <STATUS>9100</STATUS>
      <FUNCTION>&amp;NTE</FUNCTION>
     </RSMPE_STAF>
     <RSMPE_STAF>
      <STATUS>9100</STATUS>
      <FUNCTION>&amp;OAD</FUNCTION>
     </RSMPE_STAF>
     <RSMPE_STAF>
      <STATUS>9100</STATUS>
      <FUNCTION>&amp;ODN</FUNCTION>
     </RSMPE_STAF>
     <RSMPE_STAF>
      <STATUS>9100</STATUS>
      <FUNCTION>&amp;OL0</FUNCTION>
     </RSMPE_STAF>
     <RSMPE_STAF>
      <STATUS>9100</STATUS>
      <FUNCTION>&amp;OLX</FUNCTION>
     </RSMPE_STAF>
     <RSMPE_STAF>
      <STATUS>9100</STATUS>
      <FUNCTION>&amp;OMP</FUNCTION>
     </RSMPE_STAF>
     <RSMPE_STAF>
      <STATUS>9100</STATUS>
      <FUNCTION>&amp;OPT</FUNCTION>
     </RSMPE_STAF>
     <RSMPE_STAF>
      <STATUS>9100</STATUS>
      <FUNCTION>&amp;OUP</FUNCTION>
     </RSMPE_STAF>
     <RSMPE_STAF>
      <STATUS>9100</STATUS>
      <FUNCTION>&amp;REFRESH</FUNCTION>
     </RSMPE_STAF>
     <RSMPE_STAF>
      <STATUS>9100</STATUS>
      <FUNCTION>&amp;RNT</FUNCTION>
     </RSMPE_STAF>
     <RSMPE_STAF>
      <STATUS>9100</STATUS>
      <FUNCTION>&amp;RNT_PREV</FUNCTION>
     </RSMPE_STAF>
     <RSMPE_STAF>
      <STATUS>9100</STATUS>
      <FUNCTION>&amp;SAL</FUNCTION>
     </RSMPE_STAF>
     <RSMPE_STAF>
      <STATUS>9100</STATUS>
      <FUNCTION>&amp;SAVE</FUNCTION>
     </RSMPE_STAF>
     <RSMPE_STAF>
      <STATUS>9100</STATUS>
      <FUNCTION>&amp;SUM</FUNCTION>
     </RSMPE_STAF>
     <RSMPE_STAF>
      <STATUS>9100</STATUS>
      <FUNCTION>&amp;UMC</FUNCTION>
     </RSMPE_STAF>
     <RSMPE_STAF>
      <STATUS>9100</STATUS>
      <FUNCTION>&amp;URL</FUNCTION>
     </RSMPE_STAF>
     <RSMPE_STAF>
      <STATUS>9100</STATUS>
      <FUNCTION>&amp;VCRYSTAL</FUNCTION>
     </RSMPE_STAF>
     <RSMPE_STAF>
      <STATUS>9100</STATUS>
      <FUNCTION>&amp;VCRYSTRAL</FUNCTION>
     </RSMPE_STAF>
     <RSMPE_STAF>
      <STATUS>9100</STATUS>
      <FUNCTION>&amp;VEXCEL</FUNCTION>
     </RSMPE_STAF>
     <RSMPE_STAF>
      <STATUS>9100</STATUS>
      <FUNCTION>&amp;VGRID</FUNCTION>
     </RSMPE_STAF>
     <RSMPE_STAF>
      <STATUS>9100</STATUS>
      <FUNCTION>&amp;VLOTUS</FUNCTION>
     </RSMPE_STAF>
     <RSMPE_STAF>
      <STATUS>9100</STATUS>
      <FUNCTION>&amp;XINT</FUNCTION>
     </RSMPE_STAF>
     <RSMPE_STAF>
      <STATUS>9100</STATUS>
      <FUNCTION>&amp;XML</FUNCTION>
     </RSMPE_STAF>
     <RSMPE_STAF>
      <STATUS>9100</STATUS>
      <FUNCTION>&amp;XPA</FUNCTION>
     </RSMPE_STAF>
     <RSMPE_STAF>
      <STATUS>9100</STATUS>
      <FUNCTION>&amp;XXL</FUNCTION>
     </RSMPE_STAF>
     <RSMPE_STAF>
      <STATUS>9100</STATUS>
      <FUNCTION>BAC1</FUNCTION>
     </RSMPE_STAF>
     <RSMPE_STAF>
      <STATUS>9100</STATUS>
      <FUNCTION>BACK</FUNCTION>
     </RSMPE_STAF>
     <RSMPE_STAF>
      <STATUS>9100</STATUS>
      <FUNCTION>BEB1</FUNCTION>
     </RSMPE_STAF>
     <RSMPE_STAF>
      <STATUS>9100</STATUS>
      <FUNCTION>BEB2</FUNCTION>
     </RSMPE_STAF>
     <RSMPE_STAF>
      <STATUS>9100</STATUS>
      <FUNCTION>BEB3</FUNCTION>
     </RSMPE_STAF>
     <RSMPE_STAF>
      <STATUS>9100</STATUS>
      <FUNCTION>BEB9</FUNCTION>
     </RSMPE_STAF>
     <RSMPE_STAF>
      <STATUS>9100</STATUS>
      <FUNCTION>BEBN</FUNCTION>
     </RSMPE_STAF>
     <RSMPE_STAF>
      <STATUS>9100</STATUS>
      <FUNCTION>BK</FUNCTION>
     </RSMPE_STAF>
     <RSMPE_STAF>
      <STATUS>9100</STATUS>
      <FUNCTION>COL0</FUNCTION>
     </RSMPE_STAF>
     <RSMPE_STAF>
      <STATUS>9100</STATUS>
      <FUNCTION>COLX</FUNCTION>
     </RSMPE_STAF>
     <RSMPE_STAF>
      <STATUS>9100</STATUS>
      <FUNCTION>DELETE</FUNCTION>
     </RSMPE_STAF>
     <RSMPE_STAF>
      <STATUS>9100</STATUS>
      <FUNCTION>DETA</FUNCTION>
     </RSMPE_STAF>
     <RSMPE_STAF>
      <STATUS>9100</STATUS>
      <FUNCTION>DRUK</FUNCTION>
     </RSMPE_STAF>
     <RSMPE_STAF>
      <STATUS>9100</STATUS>
      <FUNCTION>DSAL</FUNCTION>
     </RSMPE_STAF>
     <RSMPE_STAF>
      <STATUS>9100</STATUS>
      <FUNCTION>ENTE</FUNCTION>
     </RSMPE_STAF>
     <RSMPE_STAF>
      <STATUS>9100</STATUS>
      <FUNCTION>EXIT</FUNCTION>
     </RSMPE_STAF>
     <RSMPE_STAF>
      <STATUS>9100</STATUS>
      <FUNCTION>EXPA</FUNCTION>
     </RSMPE_STAF>
     <RSMPE_STAF>
      <STATUS>9100</STATUS>
      <FUNCTION>FILD</FUNCTION>
     </RSMPE_STAF>
     <RSMPE_STAF>
      <STATUS>9100</STATUS>
      <FUNCTION>FILT</FUNCTION>
     </RSMPE_STAF>
     <RSMPE_STAF>
      <STATUS>9100</STATUS>
      <FUNCTION>GET_SEL</FUNCTION>
     </RSMPE_STAF>
     <RSMPE_STAF>
      <STATUS>9100</STATUS>
      <FUNCTION>GLIS</FUNCTION>
     </RSMPE_STAF>
     <RSMPE_STAF>
      <STATUS>9100</STATUS>
      <FUNCTION>HELP</FUNCTION>
     </RSMPE_STAF>
     <RSMPE_STAF>
      <STATUS>9100</STATUS>
      <FUNCTION>INFO</FUNCTION>
     </RSMPE_STAF>
     <RSMPE_STAF>
      <STATUS>9100</STATUS>
      <FUNCTION>KOMP</FUNCTION>
     </RSMPE_STAF>
     <RSMPE_STAF>
      <STATUS>9100</STATUS>
      <FUNCTION>MYFUNCTION</FUNCTION>
     </RSMPE_STAF>
     <RSMPE_STAF>
      <STATUS>9100</STATUS>
      <FUNCTION>P+</FUNCTION>
     </RSMPE_STAF>
     <RSMPE_STAF>
      <STATUS>9100</STATUS>
      <FUNCTION>P++</FUNCTION>
     </RSMPE_STAF>
     <RSMPE_STAF>
      <STATUS>9100</STATUS>
      <FUNCTION>P-</FUNCTION>
     </RSMPE_STAF>
     <RSMPE_STAF>
      <STATUS>9100</STATUS>
      <FUNCTION>P--</FUNCTION>
     </RSMPE_STAF>
     <RSMPE_STAF>
      <STATUS>9100</STATUS>
      <FUNCTION>PF09</FUNCTION>
     </RSMPE_STAF>
     <RSMPE_STAF>
      <STATUS>9100</STATUS>
      <FUNCTION>PF13</FUNCTION>
     </RSMPE_STAF>
     <RSMPE_STAF>
      <STATUS>9100</STATUS>
      <FUNCTION>PIC1</FUNCTION>
     </RSMPE_STAF>
     <RSMPE_STAF>
      <STATUS>9100</STATUS>
      <FUNCTION>PICK</FUNCTION>
     </RSMPE_STAF>
     <RSMPE_STAF>
      <STATUS>9100</STATUS>
      <FUNCTION>POST</FUNCTION>
     </RSMPE_STAF>
     <RSMPE_STAF>
      <STATUS>9100</STATUS>
      <FUNCTION>PRI</FUNCTION>
     </RSMPE_STAF>
     <RSMPE_STAF>
      <STATUS>9100</STATUS>
      <FUNCTION>PRIN</FUNCTION>
     </RSMPE_STAF>
     <RSMPE_STAF>
      <STATUS>9100</STATUS>
      <FUNCTION>PRNT</FUNCTION>
     </RSMPE_STAF>
     <RSMPE_STAF>
      <STATUS>9100</STATUS>
      <FUNCTION>RW</FUNCTION>
     </RSMPE_STAF>
     <RSMPE_STAF>
      <STATUS>9100</STATUS>
      <FUNCTION>SALL</FUNCTION>
     </RSMPE_STAF>
     <RSMPE_STAF>
      <STATUS>9100</STATUS>
      <FUNCTION>SAUF</FUNCTION>
     </RSMPE_STAF>
     <RSMPE_STAF>
      <STATUS>9100</STATUS>
      <FUNCTION>SAVE</FUNCTION>
     </RSMPE_STAF>
     <RSMPE_STAF>
      <STATUS>9100</STATUS>
      <FUNCTION>SCRB</FUNCTION>
     </RSMPE_STAF>
     <RSMPE_STAF>
      <STATUS>9100</STATUS>
      <FUNCTION>SCRE</FUNCTION>
     </RSMPE_STAF>
     <RSMPE_STAF>
      <STATUS>9100</STATUS>
      <FUNCTION>SCRL</FUNCTION>
     </RSMPE_STAF>
     <RSMPE_STAF>
      <STATUS>9100</STATUS>
      <FUNCTION>SCRR</FUNCTION>
     </RSMPE_STAF>
     <RSMPE_STAF>
      <STATUS>9100</STATUS>
      <FUNCTION>SET_CELL</FUNCTION>
     </RSMPE_STAF>
     <RSMPE_STAF>
      <STATUS>9100</STATUS>
      <FUNCTION>SET_COLS</FUNCTION>
     </RSMPE_STAF>
     <RSMPE_STAF>
      <STATUS>9100</STATUS>
      <FUNCTION>SET_ROWS</FUNCTION>
     </RSMPE_STAF>
     <RSMPE_STAF>
      <STATUS>9100</STATUS>
      <FUNCTION>SKOM</FUNCTION>
     </RSMPE_STAF>
     <RSMPE_STAF>
      <STATUS>9100</STATUS>
      <FUNCTION>SODN</FUNCTION>
     </RSMPE_STAF>
     <RSMPE_STAF>
      <STATUS>9100</STATUS>
      <FUNCTION>SOUP</FUNCTION>
     </RSMPE_STAF>
     <RSMPE_STAF>
      <STATUS>9100</STATUS>
      <FUNCTION>SUMC</FUNCTION>
     </RSMPE_STAF>
     <RSMPE_STAF>
      <STATUS>9100</STATUS>
      <FUNCTION>ZSUM</FUNCTION>
     </RSMPE_STAF>
    </SET>
    <DOC>
     <RSMPE_ATRT>
      <OBJ_TYPE>A</OBJ_TYPE>
      <OBJ_CODE>000001</OBJ_CODE>
      <MODAL>D</MODAL>
      <INT_NOTE>ファイルリスト画面用</INT_NOTE>
     </RSMPE_ATRT>
     <RSMPE_ATRT>
      <OBJ_TYPE>P</OBJ_TYPE>
      <OBJ_CODE>000001</OBJ_CODE>
      <MODAL>D</MODAL>
      <INT_NOTE>ファイルリスト画面用</INT_NOTE>
     </RSMPE_ATRT>
     <RSMPE_ATRT>
      <OBJ_TYPE>B</OBJ_TYPE>
      <OBJ_CODE>000001</OBJ_CODE>
      <SUB_CODE>0001</SUB_CODE>
      <MODAL>D</MODAL>
      <INT_NOTE>ファイルリスト画面用</INT_NOTE>
     </RSMPE_ATRT>
     <RSMPE_ATRT>
      <OBJ_TYPE>A</OBJ_TYPE>
      <OBJ_CODE>000002</OBJ_CODE>
      <MODAL>D</MODAL>
      <INT_NOTE>File詳細</INT_NOTE>
     </RSMPE_ATRT>
     <RSMPE_ATRT>
      <OBJ_TYPE>P</OBJ_TYPE>
      <OBJ_CODE>000002</OBJ_CODE>
      <MODAL>D</MODAL>
      <INT_NOTE>File詳細</INT_NOTE>
     </RSMPE_ATRT>
     <RSMPE_ATRT>
      <OBJ_TYPE>B</OBJ_TYPE>
      <OBJ_CODE>000002</OBJ_CODE>
      <SUB_CODE>0001</SUB_CODE>
      <MODAL>D</MODAL>
      <INT_NOTE>File詳細</INT_NOTE>
     </RSMPE_ATRT>
     <RSMPE_ATRT>
      <OBJ_TYPE>A</OBJ_TYPE>
      <OBJ_CODE>000003</OBJ_CODE>
      <MODAL>D</MODAL>
      <INT_NOTE>SALV_TABLE_STANDARD</INT_NOTE>
     </RSMPE_ATRT>
     <RSMPE_ATRT>
      <OBJ_TYPE>P</OBJ_TYPE>
      <OBJ_CODE>000003</OBJ_CODE>
      <MODAL>D</MODAL>
      <NORM>X</NORM>
      <INT_NOTE>9000</INT_NOTE>
     </RSMPE_ATRT>
     <RSMPE_ATRT>
      <OBJ_TYPE>B</OBJ_TYPE>
      <OBJ_CODE>000003</OBJ_CODE>
      <SUB_CODE>0001</SUB_CODE>
      <INT_NOTE>9000</INT_NOTE>
     </RSMPE_ATRT>
     <RSMPE_ATRT>
      <OBJ_TYPE>A</OBJ_TYPE>
      <OBJ_CODE>000004</OBJ_CODE>
      <MODAL>D</MODAL>
      <INT_NOTE>9100</INT_NOTE>
     </RSMPE_ATRT>
     <RSMPE_ATRT>
      <OBJ_TYPE>P</OBJ_TYPE>
      <OBJ_CODE>000004</OBJ_CODE>
      <MODAL>D</MODAL>
      <NORM>X</NORM>
      <INT_NOTE>9100</INT_NOTE>
     </RSMPE_ATRT>
     <RSMPE_ATRT>
      <OBJ_TYPE>B</OBJ_TYPE>
      <OBJ_CODE>000004</OBJ_CODE>
      <SUB_CODE>0001</SUB_CODE>
      <INT_NOTE>9100</INT_NOTE>
     </RSMPE_ATRT>
    </DOC>
   </CUA>
   <I18N_TPOOL>
    <item>
     <LANGUAGE>J</LANGUAGE>
     <TEXTPOOL>
      <item>
       <ID>R</ID>
       <ENTRY>インタフェース共通(SE41設定用)</ENTRY>
       <LENGTH>18</LENGTH>
      </item>
     </TEXTPOOL>
    </item>
   </I18N_TPOOL>
  </asx:values>
 </asx:abap>
</abapGit>
