﻿<?xml version="1.0" encoding="utf-8"?>
<abapGit version="v1.0.0" serializer="LCL_OBJECT_ENHO" serializer_version="v1.0.0">
 <asx:abap xmlns:asx="http://www.sap.com/abapxml" version="1.0">
  <asx:values>
   <TOOL>BADI_IMPL</TOOL>
   <SHORTTEXT>ZPPH MRP Read Master</SHORTTEXT>
   <SPOT_NAME>ES_PPH_MRP_BADI</SPOT_NAME>
   <IMPL>
    <ENH_BADI_IMPL_DATA>
     <SPOT_NAME>ES_PPH_MRP_BADI</SPOT_NAME>
     <BADI_NAME>PPH_MRP_READ_MASTER_BADI</BADI_NAME>
     <IMPL_NAME>PPH_MRP_READ_MASTER_BADI</IMPL_NAME>
     <IMPL_CLASS>ZCL_EX_PPH_MRP_READ_MASTER</IMPL_CLASS>
     <ACTIVE>X</ACTIVE>
     <IMPL_SHORTTEXT>AMDP BADI</IMPL_SHORTTEXT>
     <IMPL_SHORTTEXT_ID>06521958F17E1EED8FAA1E7A85DBACE6</IMPL_SHORTTEXT_ID>
    </ENH_BADI_IMPL_DATA>
   </IMPL>
   <SOTR>
    <item>
     <HEADER>
      <CONCEPT>06521958F17E1EED8FAA1BB6FFF6ECE6</CONCEPT>
      <CREA_LAN>J</CREA_LAN>
      <TRALA_TYPE>1</TRALA_TYPE>
      <OBJID_VEC>AAI=</OBJID_VEC>
     </HEADER>
     <ENTRIES>
      <SOTR_TEXT>
       <CONCEPT>06521958F17E1EED8FAA1BB6FFF6ECE6</CONCEPT>
       <LANGU>J</LANGU>
       <LFD_NUM>0001</LFD_NUM>
       <FLAG_CNTXT>X</FLAG_CNTXT>
       <STATUS>R</STATUS>
       <LENGTH>030</LENGTH>
       <TEXT>ZPPH MRP Read Master</TEXT>
      </SOTR_TEXT>
     </ENTRIES>
    </item>
    <item>
     <HEADER>
      <CONCEPT>06521958F17E1EED8FAA1E7A85DBACE6</CONCEPT>
      <CREA_LAN>J</CREA_LAN>
      <TRALA_TYPE>1</TRALA_TYPE>
      <OBJID_VEC>AAI=</OBJID_VEC>
     </HEADER>
     <ENTRIES>
      <SOTR_TEXT>
       <CONCEPT>06521958F17E1EED8FAA1E7A85DBACE6</CONCEPT>
       <LANGU>J</LANGU>
       <LFD_NUM>0001</LFD_NUM>
       <FLAG_CNTXT>X</FLAG_CNTXT>
       <STATUS>R</STATUS>
       <LENGTH>019</LENGTH>
       <TEXT>AMDP BADI</TEXT>
      </SOTR_TEXT>
     </ENTRIES>
    </item>
   </SOTR>
   <SOTR_USE>
    <SOTR_USE>
     <PGMID>R3TR</PGMID>
     <OBJECT>ENHO</OBJECT>
     <OBJ_NAME>ZPPH_MRP_READ_MASTER</OBJ_NAME>
     <CONCEPT>06521958F17E1EED8FAA1BB6FFF6ECE6</CONCEPT>
     <LFD_NUM>0001</LFD_NUM>
    </SOTR_USE>
    <SOTR_USE>
     <PGMID>R3TR</PGMID>
     <OBJECT>ENHO</OBJECT>
     <OBJ_NAME>ZPPH_MRP_READ_MASTER</OBJ_NAME>
     <CONCEPT>06521958F17E1EED8FAA1E7A85DBACE6</CONCEPT>
     <LFD_NUM>0001</LFD_NUM>
    </SOTR_USE>
   </SOTR_USE>
  </asx:values>
 </asx:abap>
</abapGit>
